<?xml version="1.0"?>
<!--<!DOCTYPE metadata SYSTEM "http://www.esri.com/metadata/esriprof80.dtd">-->
<metadata xml:lang="en"><Esri><CreaDate>20120130</CreaDate><CreaTime>12224900</CreaTime><SyncOnce>FALSE</SyncOnce><SyncDate>20260106</SyncDate><SyncTime>13062500</SyncTime><ModDate>20260106</ModDate><ModTime>13062500</ModTime><DataProperties><lineage><Process Name="Merge_4" ToolSource="C:\Program Files\ArcGIS\ArcToolbox\Toolboxes\Data Management Tools.tbx\Merge" Date="20110201" Time="114706">Merge Tanks_krm;TANKS_adi "E:\all dst_\tanks_krm adl.shp" "Id Id true false false 6 Long 0 6 ,First,#,Tanks_krm,Id,-1,-1,TANKS_adi,Id,-1,-1;R_NAME R_NAME true false false 50 Text 0 0 ,First,#,Tanks_krm,R_NAME,-1,-1"</Process><Process Name="Merge_7" ToolSource="C:\Program Files\ArcGIS\ArcToolbox\Toolboxes\Data Management Tools.tbx\Merge" Date="20110201" Time="120105">Merge 'tanks_krm adl';TANKS_nzm "E:\all dst_\New Folder\all_dts_dr\tanks_krm adl nzm.shp" "Id Id true false false 6 Long 0 6 ,First,#,tanks_krm adl,Id,-1,-1,TANKS_nzm,Id,-1,-1;R_NAME R_NAME true false false 50 Text 0 0 ,First,#,tanks_krm adl,R_NAME,-1,-1"</Process><Process Name="Merge_10" ToolSource="C:\Program Files\ArcGIS\ArcToolbox\Toolboxes\Data Management Tools.tbx\Merge" Date="20110201" Time="120724">Merge 'tanks_krm adl nzm';TANKS_mdk "E:\all dst_\New Folder\all_dts_tanks\tanks_krm adl nzm mdk.shp" "Id Id true false false 6 Long 0 6 ,First,#,tanks_krm adl nzm,Id,-1,-1,TANKS_mdk,Id,-1,-1;R_NAME R_NAME true false false 50 Text 0 0 ,First,#,tanks_krm adl nzm,R_NAME,-1,-1"</Process><Process Name="Merge_14" ToolSource="C:\Program Files\ArcGIS\ArcToolbox\Toolboxes\Data Management Tools.tbx\Merge" Date="20110201" Time="123621">Merge 'tanks_krm adl nzm mdk';TANKS_wrl;TANKS_khm;TANKS_nlg;TANKS_rr "E:\all dst_\New Folder\all_dts_tanks\tanks_krm adl nzm mdk wrl khm nlg rr.shp" "Id Id true false false 6 Long 0 6 ,First,#,tanks_krm adl nzm mdk,Id,-1,-1,TANKS_nlg,Id,-1,-1;R_NAME R_NAME true false false 50 Text 0 0 ,First,#,tanks_krm adl nzm mdk,R_NAME,-1,-1,TANKS_khm,R_NAME,-1,-1;DNAME DNAME true false false 30 Text 0 0 ,First,#,TANKS_wrl,DNAME,-1,-1,TANKS_rr,DNAME,-1,-1;FIRST_DNA_ FIRST_DNA_ true false false 30 Text 0 0 ,First,#,TANKS_khm,FIRST_DNA_,-1,-1;DCODE_ DCODE_ true false false 9 Text 0 0 ,First,#,TANKS_khm,DCODE_,-1,-1;NEWFIELD1 NEWFIELD1 true false false 16 Double 0 16 ,First,#,TANKS_khm,NEWFIELD1,-1,-1;area area true false false 19 Double 0 0 ,First,#,TANKS_khm,area,-1,-1;NAME NAME true false false 50 Text 0 0 ,First,#,TANKS_khm,NAME,-1,-1"</Process><Process Name="Merge_16" ToolSource="C:\Program Files\ArcGIS\ArcToolbox\Toolboxes\Data Management Tools.tbx\Merge" Date="20110201" Time="130259">Merge 'tanks_krm adl nzm mdk wrl khm nlg rr';TANKS_skl;TANKS_vzn;TANKS_vzg;TANKS_eg;TANKS_wg;TANKS_kri;Tanks_gnt;TANKS_pks;TANKS_mbnr "E:\all dst_\New Folder\all_dts_tanks\tanks_krm adl nzm mdk wrl khm nlg rr skl vzm vzg eg wg kri gnt pks mbnr .shp" "Id Id true false false 6 Long 0 6 ,First,#,tanks_krm adl nzm mdk wrl khm nlg rr,Id,-1,-1,TANKS_vzn,Id,-1,-1,Tanks_gnt,Id,-1,-1,TANKS_mbnr,Id,-1,-1;R_NAME R_NAME true false false 50 Text 0 0 ,First,#,tanks_krm adl nzm mdk wrl khm nlg rr,R_NAME,-1,-1;DNAME DNAME true false false 30 Text 0 0 ,First,#,tanks_krm adl nzm mdk wrl khm nlg rr,DNAME,-1,-1,TANKS_skl,DNAME,-1,-1,TANKS_vzg,DNAME,-1,-1,TANKS_eg,DNAME,-1,-1,TANKS_wg,DNAME,-1,-1,TANKS_kri,DNAME,-1,-1,TANKS_pks,DNAME,-1,-1;FIRST_DNA_ FIRST_DNA_ true false false 30 Text 0 0 ,First,#,tanks_krm adl nzm mdk wrl khm nlg rr,FIRST_DNA_,-1,-1;DCODE_ DCODE_ true false false 9 Text 0 0 ,First,#,tanks_krm adl nzm mdk wrl khm nlg rr,DCODE_,-1,-1;NEWFIELD1 NEWFIELD1 true false false 16 Double 0 16 ,First,#,tanks_krm adl nzm mdk wrl khm nlg rr,NEWFIELD1,-1,-1;area area true false false 19 Double 0 0 ,First,#,tanks_krm adl nzm mdk wrl khm nlg rr,area,-1,-1;NAME NAME true false false 50 Text 0 0 ,First,#,tanks_krm adl nzm mdk wrl khm nlg rr,NAME,-1,-1"</Process><Process Name="Merge_20" ToolSource="C:\Program Files\ArcGIS\ArcToolbox\Toolboxes\Data Management Tools.tbx\Merge" Date="20110201" Time="143846">Merge 'tanks_krm adl nzm mdk wrl khm nlg rr skl vzm vzg eg wg kri gnt pks mbnr ';tank_nlr;TANKS_chi;tanks_kdp;TANKS_atp;TANKS_knl "E:\all dst_\New Folder\all_dts_tanks\tanks_krm adl nzm mdk wrl khm nlg rr skl vzm vzg eg wg kri gnt pks mbnr nlr chi kdp atp knl.shp" "Id Id true false false 6 Long 0 6 ,First,#,tanks_krm adl nzm mdk wrl khm nlg rr skl vzm vzg eg wg kri gnt pks mbnr ,Id,-1,-1,tank_nlr,Id,-1,-1,tanks_kdp,Id,-1,-1,TANKS_knl,Id,-1,-1;R_NAME R_NAME true false false 50 Text 0 0 ,First,#,tanks_krm adl nzm mdk wrl khm nlg rr skl vzm vzg eg wg kri gnt pks mbnr ,R_NAME,-1,-1;DNAME DNAME true false false 30 Text 0 0 ,First,#,tanks_krm adl nzm mdk wrl khm nlg rr skl vzm vzg eg wg kri gnt pks mbnr ,DNAME,-1,-1,TANKS_chi,DNAME,-1,-1,TANKS_atp,DNAME,-1,-1;FIRST_DNA_ FIRST_DNA_ true false false 30 Text 0 0 ,First,#,tanks_krm adl nzm mdk wrl khm nlg rr skl vzm vzg eg wg kri gnt pks mbnr ,FIRST_DNA_,-1,-1;DCODE_ DCODE_ true false false 9 Text 0 0 ,First,#,tanks_krm adl nzm mdk wrl khm nlg rr skl vzm vzg eg wg kri gnt pks mbnr ,DCODE_,-1,-1;NEWFIELD1 NEWFIELD1 true false false 16 Double 0 16 ,First,#,tanks_krm adl nzm mdk wrl khm nlg rr skl vzm vzg eg wg kri gnt pks mbnr ,NEWFIELD1,-1,-1;area area true false false 19 Double 0 0 ,First,#,tanks_krm adl nzm mdk wrl khm nlg rr skl vzm vzg eg wg kri gnt pks mbnr ,area,-1,-1;NAME NAME true false false 50 Text 0 0 ,First,#,tanks_krm adl nzm mdk wrl khm nlg rr skl vzm vzg eg wg kri gnt pks mbnr ,NAME,-1,-1"</Process><Process ToolSource="C:\Program Files (x86)\ArcGIS\Desktop10.0\ArcToolbox\Toolboxes\Data Management Tools.tbx\RepairGeometry" Date="20110829" Time="110123">RepairGeometry Ap_tanks_50k DELETE_NULL</Process><Process ToolSource="c:\program files (x86)\arcgis\desktop10.6\ArcToolbox\Toolboxes\Analysis Tools.tbx\Clip" Date="20231218" Time="123228">Clip ap_tank AP "D:\AshokPC\Water Audit Training\AP_MITanks\ap_mitank.shp" #</Process><Process ToolSource="c:\program files (x86)\arcgis\desktop10.8\ArcToolbox\Toolboxes\Analysis Tools.tbx\Clip" Date="20260106" Time="130628">Clip ap_mitank OKri F:\APGWD_WL\OKri_MIT.shp #</Process></lineage><itemProps><itemName Sync="TRUE">OKri_MIT</itemName><imsContentType Sync="TRUE">002</imsContentType><itemSize Sync="TRUE">0.000</itemSize><itemLocation><linkage Sync="TRUE">file://\\GWAD-DATA-CENTE\F$\APGWD_WL\OKri_MIT.shp</linkage><protocol Sync="TRUE">Local Area Network</protocol></itemLocation></itemProps><coordRef><type Sync="TRUE">Projected</type><geogcsn Sync="TRUE">GCS_WGS_1984</geogcsn><csUnits Sync="TRUE">Linear Unit: Meter (1.000000)</csUnits><projcsn Sync="TRUE">Lambert Conformal Conic</projcsn><peXml Sync="TRUE">&lt;ProjectedCoordinateSystem xsi:type='typens:ProjectedCoordinateSystem' xmlns:xsi='http://www.w3.org/2001/XMLSchema-instance' xmlns:xs='http://www.w3.org/2001/XMLSchema' xmlns:typens='http://www.esri.com/schemas/ArcGIS/10.8'&gt;&lt;WKT&gt;PROJCS[&amp;quot;Lambert Conformal Conic&amp;quot;,GEOGCS[&amp;quot;GCS_WGS_1984&amp;quot;,DATUM[&amp;quot;D_WGS_1984&amp;quot;,SPHEROID[&amp;quot;WGS_1984&amp;quot;,6378137.0,298.257223563]],PRIMEM[&amp;quot;Greenwich&amp;quot;,0.0],UNIT[&amp;quot;Degree&amp;quot;,0.0174532925199433]],PROJECTION[&amp;quot;Lambert_Conformal_Conic&amp;quot;],PARAMETER[&amp;quot;False_Easting&amp;quot;,1000000.0],PARAMETER[&amp;quot;False_Northing&amp;quot;,1000000.0],PARAMETER[&amp;quot;Central_Meridian&amp;quot;,80.875],PARAMETER[&amp;quot;Standard_Parallel_1&amp;quot;,13.75],PARAMETER[&amp;quot;Standard_Parallel_2&amp;quot;,18.75],PARAMETER[&amp;quot;Latitude_Of_Origin&amp;quot;,16.25543298],UNIT[&amp;quot;Meter&amp;quot;,1.0]]&lt;/WKT&gt;&lt;XOrigin&gt;-36158400&lt;/XOrigin&gt;&lt;YOrigin&gt;-25375800&lt;/YOrigin&gt;&lt;XYScale&gt;121200041.64254905&lt;/XYScale&gt;&lt;ZOrigin&gt;-100000&lt;/ZOrigin&gt;&lt;ZScale&gt;10000&lt;/ZScale&gt;&lt;MOrigin&gt;-100000&lt;/MOrigin&gt;&lt;MScale&gt;10000&lt;/MScale&gt;&lt;XYTolerance&gt;0.001&lt;/XYTolerance&gt;&lt;ZTolerance&gt;0.001&lt;/ZTolerance&gt;&lt;MTolerance&gt;0.001&lt;/MTolerance&gt;&lt;HighPrecision&gt;true&lt;/HighPrecision&gt;&lt;/ProjectedCoordinateSystem&gt;</peXml></coordRef></DataProperties><MetaID>{DBCA7FAC-7E6B-45E4-918B-852E74D675DD}</MetaID></Esri><idinfo><native Sync="TRUE">Microsoft Windows XP Version 5.1 (Build 2600) Service Pack 2; ESRI ArcCatalog 9.2.0.1324</native><descript><langdata Sync="TRUE">en</langdata><abstract>REQUIRED: A brief narrative summary of the data set.</abstract><purpose>REQUIRED: A summary of the intentions with which the data set was developed.</purpose></descript><citation><citeinfo><origin>REQUIRED: The name of an organization or individual that developed the data set.</origin><pubdate>REQUIRED: The date when the data set is published or otherwise made available for release.</pubdate><title Sync="TRUE">tanks_krm adl nzm mdk wrl khm nlg rr skl vzm vzg eg wg kri gnt pks mbnr nlr chi kdp atp knl</title><ftname Sync="TRUE">tanks_krm adl nzm mdk wrl khm nlg rr skl vzm vzg eg wg kri gnt pks mbnr nlr chi kdp atp knl</ftname><geoform Sync="TRUE">vector digital data</geoform><onlink Sync="TRUE"></onlink></citeinfo></citation><timeperd><current>REQUIRED: The basis on which the time period of content information is determined.</current><timeinfo><sngdate><caldate>REQUIRED: The year (and optionally month, or month and day) for which the data set corresponds to the ground.</caldate></sngdate></timeinfo></timeperd><status><progress>REQUIRED: The state of the data set.</progress><update>REQUIRED: The frequency with which changes and additions are made to the data set after the initial data set is completed.</update></status><spdom><bounding><westbc Sync="TRUE">REQUIRED: Western-most coordinate of the limit of coverage expressed in longitude.</westbc><eastbc Sync="TRUE">REQUIRED: Eastern-most coordinate of the limit of coverage expressed in longitude.</eastbc><northbc Sync="TRUE">REQUIRED: Northern-most coordinate of the limit of coverage expressed in latitude.</northbc><southbc Sync="TRUE">REQUIRED: Southern-most coordinate of the limit of coverage expressed in latitude.</southbc></bounding></spdom><keywords><theme><themekt>REQUIRED: Reference to a formally registered thesaurus or a similar authoritative source of theme keywords.</themekt><themekey>REQUIRED: Common-use word or phrase used to describe the subject of the data set.</themekey></theme></keywords><accconst>REQUIRED: Restrictions and legal prerequisites for accessing the data set.</accconst><useconst>REQUIRED: Restrictions and legal prerequisites for using the data set after access is granted.</useconst><natvform Sync="TRUE">Shapefile</natvform></idinfo><dataIdInfo><envirDesc Sync="TRUE"> Version 6.2 (Build 9200) ; Esri ArcGIS 10.9.1.28388</envirDesc><dataLang><languageCode Sync="TRUE" value="eng"></languageCode><countryCode value="IND" Sync="TRUE"></countryCode></dataLang><idCitation><resTitle Sync="TRUE">OKri_MIT</resTitle><presForm><PresFormCd Sync="TRUE" value="005"></PresFormCd></presForm></idCitation><spatRpType><SpatRepTypCd Sync="TRUE" value="001"></SpatRepTypCd></spatRpType></dataIdInfo><metainfo><langmeta Sync="TRUE">en</langmeta><metstdn Sync="TRUE">FGDC Content Standards for Digital Geospatial Metadata</metstdn><metstdv Sync="TRUE">FGDC-STD-001-1998</metstdv><mettc Sync="TRUE">local time</mettc><metc><cntinfo><cntorgp><cntper>REQUIRED: The person responsible for the metadata information.</cntper><cntorg>REQUIRED: The organization responsible for the metadata information.</cntorg></cntorgp><cntaddr><addrtype>REQUIRED: The mailing and/or physical address for the organization or individual.</addrtype><city>REQUIRED: The city of the address.</city><state>REQUIRED: The state or province of the address.</state><postal>REQUIRED: The ZIP or other postal code of the address.</postal></cntaddr><cntvoice>REQUIRED: The telephone number by which individuals can speak to the organization or individual.</cntvoice></cntinfo></metc><metd Sync="TRUE">20110201</metd></metainfo><mdLang><languageCode Sync="TRUE" value="eng"></languageCode><countryCode value="IND" Sync="TRUE"></countryCode></mdLang><mdStanName Sync="TRUE">ISO 19115 Geographic Information - Metadata</mdStanName><mdStanVer Sync="TRUE">DIS_ESRI1.0</mdStanVer><mdChar><CharSetCd Sync="TRUE" value="004"></CharSetCd></mdChar><mdHrLv><ScopeCd Sync="TRUE" value="005"></ScopeCd></mdHrLv><mdHrLvName Sync="TRUE">dataset</mdHrLvName><distinfo><resdesc Sync="TRUE">Downloadable Data</resdesc><stdorder><digform><digtinfo><transize Sync="TRUE">0.000</transize><dssize Sync="TRUE">0.000</dssize></digtinfo></digform></stdorder></distinfo><distInfo><distributor><distorTran><onLineSrc><orDesc Sync="TRUE">002</orDesc><linkage Sync="TRUE">file://</linkage><protocol Sync="TRUE">Local Area Network</protocol></onLineSrc><transSize Sync="TRUE">0.000</transSize></distorTran><distorFormat><formatName Sync="TRUE">Shapefile</formatName></distorFormat></distributor><distFormat><formatName Sync="TRUE">Shapefile</formatName></distFormat><distTranOps><transSize Sync="TRUE">0.000</transSize></distTranOps></distInfo><spdoinfo><direct Sync="TRUE">Vector</direct><ptvctinf><esriterm Name="OKri_MIT"><efeatyp Sync="TRUE">Simple</efeatyp><efeageom code="4" Sync="TRUE"></efeageom><esritopo Sync="TRUE">FALSE</esritopo><efeacnt Sync="TRUE">0</efeacnt><spindex Sync="TRUE">FALSE</spindex><linrefer Sync="TRUE">FALSE</linrefer></esriterm></ptvctinf></spdoinfo><spref><horizsys><cordsysn><geogcsn Sync="TRUE">GCS_WGS_1984</geogcsn><projcsn Sync="TRUE">Lambert Conformal Conic</projcsn></cordsysn><planar><planci><plance Sync="TRUE">coordinate pair</plance><plandu Sync="TRUE">meters</plandu><coordrep><absres Sync="TRUE">0.000000</absres><ordres Sync="TRUE">0.000000</ordres></coordrep></planci></planar><geodetic><horizdn Sync="TRUE">D_WGS_1984</horizdn><ellips Sync="TRUE">WGS_1984</ellips><semiaxis Sync="TRUE">6378137.000000</semiaxis><denflat Sync="TRUE">298.257224</denflat></geodetic></horizsys></spref><refSysInfo><RefSystem><refSysID><identCode Sync="TRUE" code="0">Lambert Conformal Conic</identCode></refSysID></RefSystem></refSysInfo><spatRepInfo><VectSpatRep><geometObjs Name="OKri_MIT"><geoObjTyp><GeoObjTypCd value="002" Sync="TRUE"></GeoObjTypCd></geoObjTyp><geoObjCnt Sync="TRUE">0</geoObjCnt></geometObjs><topLvl><TopoLevCd value="001" Sync="TRUE"></TopoLevCd></topLvl></VectSpatRep></spatRepInfo><eainfo><detailed Name="OKri_MIT"><enttyp><enttypl Sync="TRUE">OKri_MIT</enttypl><enttypt Sync="TRUE">Feature Class</enttypt><enttypc Sync="TRUE">0</enttypc></enttyp><attr><attrlabl Sync="TRUE">FID</attrlabl><attalias Sync="TRUE">FID</attalias><attrtype Sync="TRUE">OID</attrtype><attwidth Sync="TRUE">4</attwidth><atprecis Sync="TRUE">0</atprecis><attscale Sync="TRUE">0</attscale><attrdef Sync="TRUE">Internal feature number.</attrdef><attrdefs Sync="TRUE">ESRI</attrdefs><attrdomv><udom Sync="TRUE">Sequential unique whole numbers that are automatically generated.</udom></attrdomv></attr><attr><attrlabl Sync="TRUE">Shape</attrlabl><attalias Sync="TRUE">Shape</attalias><attrtype Sync="TRUE">Geometry</attrtype><attwidth Sync="TRUE">0</attwidth><atprecis Sync="TRUE">0</atprecis><attscale Sync="TRUE">0</attscale><attrdef Sync="TRUE">Feature geometry.</attrdef><attrdefs Sync="TRUE">ESRI</attrdefs><attrdomv><udom Sync="TRUE">Coordinates defining the features.</udom></attrdomv></attr><attr><attrlabl Sync="TRUE">Id</attrlabl><attalias Sync="TRUE">Id</attalias><attrtype Sync="TRUE">Integer</attrtype><attwidth Sync="TRUE">6</attwidth><atprecis Sync="TRUE">6</atprecis><attscale Sync="TRUE">0</attscale></attr><attr><attrlabl Sync="TRUE">R_NAME</attrlabl><attalias Sync="TRUE">R_NAME</attalias><attrtype Sync="TRUE">String</attrtype><attwidth Sync="TRUE">50</attwidth><atprecis Sync="TRUE">0</atprecis><attscale Sync="TRUE">0</attscale></attr><attr><attrlabl Sync="TRUE">DNAME</attrlabl><attalias Sync="TRUE">DNAME</attalias><attrtype Sync="TRUE">String</attrtype><attwidth Sync="TRUE">30</attwidth><atprecis Sync="TRUE">0</atprecis><attscale Sync="TRUE">0</attscale></attr><attr><attrlabl Sync="TRUE">FIRST_DNA_</attrlabl><attalias Sync="TRUE">FIRST_DNA_</attalias><attrtype Sync="TRUE">String</attrtype><attwidth Sync="TRUE">30</attwidth><atprecis Sync="TRUE">0</atprecis><attscale Sync="TRUE">0</attscale></attr><attr><attrlabl Sync="TRUE">DCODE_</attrlabl><attalias Sync="TRUE">DCODE_</attalias><attrtype Sync="TRUE">String</attrtype><attwidth Sync="TRUE">9</attwidth><atprecis Sync="TRUE">0</atprecis><attscale Sync="TRUE">0</attscale></attr><attr><attrlabl Sync="TRUE">NEWFIELD1</attrlabl><attalias Sync="TRUE">NEWFIELD1</attalias><attrtype Sync="TRUE">Double</attrtype><attwidth Sync="TRUE">16</attwidth><atprecis Sync="TRUE">16</atprecis><attscale Sync="TRUE">0</attscale></attr><attr><attrlabl Sync="TRUE">area</attrlabl><attalias Sync="TRUE">area</attalias><attrtype Sync="TRUE">Double</attrtype><attwidth Sync="TRUE">19</attwidth><atprecis Sync="TRUE">0</atprecis><attscale Sync="TRUE">0</attscale></attr><attr><attrlabl Sync="TRUE">NAME</attrlabl><attalias Sync="TRUE">NAME</attalias><attrtype Sync="TRUE">String</attrtype><attwidth Sync="TRUE">50</attwidth><atprecis Sync="TRUE">0</atprecis><attscale Sync="TRUE">0</attscale></attr></detailed></eainfo><mdDateSt Sync="TRUE">20260106</mdDateSt><dataqual><lineage><procstep><procdesc Sync="TRUE">Dataset copied.</procdesc><srcused Sync="TRUE"></srcused><date Sync="TRUE">20110201</date><time Sync="TRUE">16473200</time></procstep><procstep><procdesc Sync="TRUE">Dataset copied.</procdesc><srcused Sync="TRUE"></srcused><procdate Sync="TRUE">20120130</procdate><proctime Sync="TRUE">12224900</proctime></procstep></lineage></dataqual></metadata>
