<?xml version="1.0"?>
<!--<!DOCTYPE metadata SYSTEM "http://www.esri.com/metadata/esriprof80.dtd">-->
<metadata xml:lang="en"><Esri><CreaDate>20160908</CreaDate><CreaTime>13174700</CreaTime><SyncOnce>FALSE</SyncOnce><DataProperties><lineage><Process Name="Create Feature Class" ToolSource="C:\Program Files\ArcGIS\ArcToolbox\Toolboxes\Data Management Tools.tbx\CreateFeatureclass" Date="20050413" Time="104645">CreateFeatureclass "C:\soil\New Personal Geodatabase.mdb\soil" ap_soil # ANDHRAPRADESH_SOIL_Layer SAME_AS_TEMPLATE SAME_AS_TEMPLATE "PROJCS['LCC_SOI',GEOGCS['GCS_Everest_India_Nepal',DATUM['D_Everest_India_Nepal',SPHEROID['Everest_Definition_1975',6377301.243,300.8017]],PRIMEM['Greenwich',0.0],UNIT['Degree',0.0174532925199433]],PROJECTION['Lambert_Conformal_Conic'],PARAMETER['False_Easting',2000000.0],PARAMETER['False_Northing',2000000.0],PARAMETER['Central_Meridian',82.0],PARAMETER['Standard_Parallel_1',12.47278],PARAMETER['Standard_Parallel_2',35.17281],PARAMETER['Central_Parallel',20.0],UNIT['Meter',1.0]];-335792.756576 -602731.256576 488.281250;0.000000 100000.000000;0.000000 100000.000000" # 0 0 0 "C:\soil\New Personal Geodatabase.mdb\soil\ap_soil"</Process><Process Name="Append" ToolSource="C:\Program Files\ArcGIS\ArcToolbox\Toolboxes\Data Management Tools.tbx\Append" Date="20050413" Time="104705">Append ANDHRAPRADESH_SOIL_Layer "C:\soil\New Personal Geodatabase.mdb\soil\ap_soil" TEST "C:\soil\New Personal Geodatabase.mdb\soil\ap_soil"</Process><Process Name="FeatureClassToFeatureClass_1" ToolSource="C:\Program Files\ArcGIS\ArcToolbox\Toolboxes\Conversion Tools.tbx\FeatureClassToFeatureClass" Date="20050413" Time="104706">FeatureClassToFeatureClass C:\soil\ANDHRAPRADESH_SOIL.shp "C:\soil\New Personal Geodatabase.mdb\soil" ap_soil # "AREATIN__0 AREA VISIBLE;DESCRIPTIO DESCRIPTIO VISIBLE;MAPPING_UN MAPPING_UN VISIBLE;SOIL_TAXON SOIL_TAXON VISIBLE" SAME_AS_TEMPLATE SAME_AS_TEMPLATE # 0 "C:\soil\New Personal Geodatabase.mdb\soil\ap_soil"</Process><Process Name="FeatureClassToFeatureClass_3" ToolSource="C:\Program Files\ArcGIS\ArcToolbox\Toolboxes\Conversion Tools.tbx\FeatureClassToFeatureClass" Date="20080923" Time="171742">FeatureClassToFeatureClass "Database Connections\Connection to gisserver (2).sde\USER1.soil\USER1.ap_soil" E:\Backup_CGWB\soil ap.shp # "AREA AREA true true false 254 Text 0 0 ,First,#,Database Connections\Connection to gisserver (2).sde\USER1.soil\USER1.ap_soil,USER1.ap_soil.AREA,-1,-1;DESCRIPTIO DESCRIPTIO true true false 254 Text 0 0 ,First,#,Database Connections\Connection to gisserver (2).sde\USER1.soil\USER1.ap_soil,DESCRIPTIO,-1,-1;MAPPING_UN MAPPING_UN true true false 254 Text 0 0 ,First,#,Database Connections\Connection to gisserver (2).sde\USER1.soil\USER1.ap_soil,MAPPING_UN,-1,-1;SOIL_TAXON SOIL_TAXON true true false 254 Text 0 0 ,First,#,Database Connections\Connection to gisserver (2).sde\USER1.soil\USER1.ap_soil,SOIL_TAXON,-1,-1;AREA_1 AREA_1 false false true 0 Double 0 0 ,First,#,Database Connections\Connection to gisserver (2).sde\USER1.soil\USER1.ap_soil,SHAPE.AREA,-1,-1;LEN LEN false false true 0 Double 0 0 ,First,#,Database Connections\Connection to gisserver (2).sde\USER1.soil\USER1.ap_soil,SHAPE.LEN,-1,-1" # E:\Backup_CGWB\soil\ap.shp</Process><Process ToolSource="c:\program files (x86)\arcgis\desktop10.8\ArcToolbox\Toolboxes\Analysis Tools.tbx\Clip" Date="20260106" Time="130759">Clip AP_Soil OKri F:\APGWD_WL\OKri_Soils.shp #</Process></lineage><itemProps><itemName Sync="TRUE">OKri_Soils</itemName><imsContentType Sync="TRUE">002</imsContentType><itemSize Sync="TRUE">0.000</itemSize><itemLocation><linkage Sync="TRUE">file://\\GWAD-DATA-CENTE\F$\APGWD_WL\OKri_Soils.shp</linkage><protocol Sync="TRUE">Local Area Network</protocol></itemLocation></itemProps><coordRef><type Sync="TRUE">Geographic</type><geogcsn Sync="TRUE">GCS_Everest_def_1962</geogcsn><csUnits Sync="TRUE">Angular Unit: Degree (0.017453)</csUnits><peXml Sync="TRUE">&lt;GeographicCoordinateSystem xsi:type='typens:GeographicCoordinateSystem' xmlns:xsi='http://www.w3.org/2001/XMLSchema-instance' xmlns:xs='http://www.w3.org/2001/XMLSchema' xmlns:typens='http://www.esri.com/schemas/ArcGIS/10.8'&gt;&lt;WKT&gt;GEOGCS[&amp;quot;GCS_Everest_def_1962&amp;quot;,DATUM[&amp;quot;D_Everest_Def_1962&amp;quot;,SPHEROID[&amp;quot;Everest_Definition_1962&amp;quot;,6377301.243,300.8017255]],PRIMEM[&amp;quot;Greenwich&amp;quot;,0.0],UNIT[&amp;quot;Degree&amp;quot;,0.0174532925199433],AUTHORITY[&amp;quot;EPSG&amp;quot;,4044]]&lt;/WKT&gt;&lt;XOrigin&gt;-400&lt;/XOrigin&gt;&lt;YOrigin&gt;-400&lt;/YOrigin&gt;&lt;XYScale&gt;11258999068426.238&lt;/XYScale&gt;&lt;ZOrigin&gt;-100000&lt;/ZOrigin&gt;&lt;ZScale&gt;10000&lt;/ZScale&gt;&lt;MOrigin&gt;-100000&lt;/MOrigin&gt;&lt;MScale&gt;10000&lt;/MScale&gt;&lt;XYTolerance&gt;8.9843300998165385e-09&lt;/XYTolerance&gt;&lt;ZTolerance&gt;0.001&lt;/ZTolerance&gt;&lt;MTolerance&gt;0.001&lt;/MTolerance&gt;&lt;HighPrecision&gt;true&lt;/HighPrecision&gt;&lt;LeftLongitude&gt;-180&lt;/LeftLongitude&gt;&lt;WKID&gt;4044&lt;/WKID&gt;&lt;LatestWKID&gt;4044&lt;/LatestWKID&gt;&lt;/GeographicCoordinateSystem&gt;</peXml></coordRef></DataProperties><SyncDate>20260106</SyncDate><SyncTime>13075600</SyncTime><ModDate>20260106</ModDate><ModTime>13075600</ModTime><ArcGISFormat>1.0</ArcGISFormat></Esri><idinfo><citation><citeinfo><onlink Sync="TRUE">\\RAJIAHAMAD\E$\Backup_CGWB\soil\ap.shp</onlink><origin>RS &amp; GIS Division, NIC, DIT, Govt of India</origin><pubdate>08/04/2004</pubdate><title>Soil Data of Andhra Pradesh</title><ftname Sync="TRUE">ap</ftname><geoform Sync="TRUE">vector digital data</geoform></citeinfo></citation><native Sync="TRUE">Microsoft Windows XP Version 5.1 (Build 2600) Service Pack 2; ESRI ArcCatalog 9.2.0.1324</native><descript><langdata>english</langdata><purpose>To create soil data at National level</purpose><abstract>Soil Data of Andhra Pradesh</abstract></descript><timeperd><current>Soil Survey Map of LBSS&amp;LUP, Nagpur</current><timeinfo><sngdate/></timeinfo></timeperd><status><progress>Complete at 250 K</progress><update>As &amp; when new survey are completed at higher Scale </update></status><spdom><bounding><westbc Sync="TRUE">76.557061</westbc><eastbc Sync="TRUE">84.786254</eastbc><northbc Sync="TRUE">19.961591</northbc><southbc Sync="TRUE">12.573461</southbc></bounding><lboundng><leftbc Sync="TRUE">1439796.999493</leftbc><rightbc Sync="TRUE">2286663.999578</rightbc><bottombc Sync="TRUE">1196762.999934</bottombc><topbc Sync="TRUE">1995821.000550</topbc></lboundng></spdom><keywords><theme><themekt>Every state soil Data is created </themekt><themekey>Soil Data at State Level</themekey></theme><place><placekt>Soil Information of Andhra Pradesh</placekt><placekey>Andhra Pradesh</placekey></place><stratum><stratkt>National Bureau of Soil Survey &amp; Labduse Planning</stratkt><stratkey>NBSS &amp; LUP</stratkey></stratum><temporal><tempkt>Soil Survey at 250 K</tempkt><tempkey>Updated at 250 K</tempkey></temporal></keywords><accconst>With the permission from NIC</accconst><useconst>With the permission from NIC</useconst><natvform Sync="TRUE">Shapefile</natvform><ptcontac><cntinfo><cntperp><cntper>Dr (Mrs) Vandana Sharma</cntper><cntorg>National Informatics Centre</cntorg></cntperp><cntpos>Head RS &amp; GIS Division</cntpos><cntvoice>011-24364348</cntvoice><cntfax>011-24364348</cntfax><cntemail>kumar.a@nic.in</cntemail><hours>9 am to 5.30 pm</hours></cntinfo></ptcontac><crossref><citeinfo><title>Soil Data of Andhra Pradesh</title><origin>Remote Sensing &amp; GIS Division</origin><pubdate>08/04/2004</pubdate></citeinfo></crossref><secinfo><secsys>Only for NIC</secsys><secclass>Restricted</secclass><sechandl>For Internal Use of NIC</sechandl></secinfo></idinfo><distInfo><distributor><distorTran><onLineSrc><linkage Sync="TRUE">file://\\RAJIAHAMAD\E$\Backup_CGWB\soil\ap.shp</linkage><protocol Sync="TRUE">Local Area Network</protocol><orDesc Sync="TRUE">002</orDesc></onLineSrc><transSize Sync="TRUE">0.000</transSize></distorTran><distorFormat><formatName Sync="TRUE">Shapefile</formatName></distorFormat></distributor><distFormat><formatName Sync="TRUE">Shapefile</formatName></distFormat><distTranOps><transSize Sync="TRUE">0.000</transSize></distTranOps></distInfo><dataqual><lineage><procstep><procdesc Sync="TRUE">Dataset copied.</procdesc><srcused Sync="TRUE">\\SAINATH\C\soil\New Personal Geodatabase.mdb</srcused><date Sync="TRUE">20050413</date><time Sync="TRUE">11060200</time></procstep></lineage><logic>Soil Data of Andhra Pradesh is prepared to meet the requirement at National Level. </logic><complete>Complete at 250 K</complete></dataqual><dataIdInfo><envirDesc Sync="TRUE"> Version 6.2 (Build 9200) ; Esri ArcGIS 10.9.1.28388</envirDesc><dataLang><languageCode Sync="TRUE" value="eng"></languageCode><countryCode value="IND" Sync="TRUE"></countryCode></dataLang><idCitation><resTitle Sync="TRUE">OKri_Soils</resTitle><presForm><PresFormCd Sync="TRUE" value="005"></PresFormCd></presForm></idCitation><spatRpType><SpatRepTypCd Sync="TRUE" value="001"></SpatRepTypCd></spatRpType><dataExt><geoEle><GeoBndBox esriExtentType="native"><westBL Sync="TRUE">1439796.999493</westBL><eastBL Sync="TRUE">2286663.999578</eastBL><northBL Sync="TRUE">1995821.00055</northBL><southBL Sync="TRUE">1196762.999934</southBL><exTypeCode Sync="TRUE">1</exTypeCode></GeoBndBox></geoEle></dataExt><geoBox esriExtentType="decdegrees"><westBL Sync="TRUE">76.557061</westBL><eastBL Sync="TRUE">84.786254</eastBL><northBL Sync="TRUE">19.961591</northBL><southBL Sync="TRUE">12.573461</southBL><exTypeCode Sync="TRUE">1</exTypeCode></geoBox></dataIdInfo><metainfo><langmeta>english</langmeta><metstdn Sync="TRUE">FGDC Content Standards for Digital Geospatial Metadata</metstdn><metstdv Sync="TRUE">FGDC-STD-001-1998</metstdv><mettc Sync="TRUE">local time</mettc><metc><cntinfo><cntorgp><cntper>Ajay Kumar</cntper><cntorg>NIC</cntorg></cntorgp><cntaddr><addrtype>REQUIRED: The mailing and/or physical address for the organization or individual.</addrtype><city>REQUIRED: The city of the address.</city><state>REQUIRED: The state or province of the address.</state><postal>REQUIRED: The ZIP or other postal code of the address.</postal></cntaddr><cntvoice>011-24305078</cntvoice><cntpos>Scientist D, RS &amp; GIS DIvision, NIC</cntpos><cntfax>011-24364348</cntfax><cntemail>kumar.a@nic.in</cntemail><hours>9 am to 5.30 pm</hours></cntinfo></metc><metd Sync="TRUE">20080923</metd><metac>only for India Gov. officials</metac></metainfo><mdLang><languageCode Sync="TRUE" value="eng"></languageCode><countryCode value="IND" Sync="TRUE"></countryCode></mdLang><mdStanName Sync="TRUE">ISO 19115 Geographic Information - Metadata</mdStanName><mdStanVer Sync="TRUE">DIS_ESRI1.0</mdStanVer><mdChar><CharSetCd Sync="TRUE" value="004"></CharSetCd></mdChar><mdHrLv><ScopeCd Sync="TRUE" value="005"></ScopeCd></mdHrLv><mdHrLvName Sync="TRUE">dataset</mdHrLvName><distinfo><resdesc>Downloadable Data with access right</resdesc><distliab>Limited to NIC</distliab><custom>Only for viewing purpose</custom><stdorder><digform><digtinfo><transize Sync="TRUE">0.000</transize><dssize Sync="TRUE">0.000</dssize></digtinfo></digform></stdorder></distinfo><spdoinfo><direct Sync="TRUE">Vector</direct><ptvctinf><esriterm Name="OKri_Soils"><efeatyp Sync="TRUE">Simple</efeatyp><efeageom code="4" Sync="TRUE"></efeageom><esritopo Sync="TRUE">FALSE</esritopo><efeacnt Sync="TRUE">0</efeacnt><spindex Sync="TRUE">FALSE</spindex><linrefer Sync="TRUE">FALSE</linrefer></esriterm></ptvctinf></spdoinfo><spref><horizsys><cordsysn><geogcsn Sync="TRUE">GCS_Everest_India_Nepal</geogcsn><projcsn Sync="TRUE">LCC_SOI</projcsn></cordsysn><geodetic><horizdn Sync="TRUE">D_Everest_India_Nepal</horizdn><ellips Sync="TRUE">Everest_Definition_1975</ellips><semiaxis Sync="TRUE">6377301.243000</semiaxis><denflat Sync="TRUE">300.801700</denflat></geodetic></horizsys><vertdef><altsys><altenc Sync="TRUE">Explicit elevation coordinate included with horizontal coordinates</altenc><altres Sync="TRUE">1.000000</altres></altsys></vertdef></spref><refSysInfo><RefSystem><refSysID><identCode Sync="TRUE" code="4044">LCC_SOI</identCode><idCodeSpace Sync="TRUE">EPSG</idCodeSpace><idVersion Sync="TRUE">4.5(8.1.0)</idVersion></refSysID></RefSystem></refSysInfo><spatRepInfo><VectSpatRep><geometObjs Name="OKri_Soils"><geoObjTyp><GeoObjTypCd value="002" Sync="TRUE"></GeoObjTypCd></geoObjTyp><geoObjCnt Sync="TRUE">0</geoObjCnt></geometObjs><topLvl><TopoLevCd value="001" Sync="TRUE"></TopoLevCd></topLvl></VectSpatRep></spatRepInfo><eainfo><detailed Name="OKri_Soils"><enttyp><enttypl Sync="TRUE">OKri_Soils</enttypl><enttypt Sync="TRUE">Feature Class</enttypt><enttypc Sync="TRUE">0</enttypc></enttyp><attr><attrlabl Sync="TRUE">MAPPING_UN</attrlabl><attalias Sync="TRUE">MAPPING_UN</attalias><attrtype Sync="TRUE">String</attrtype><attwidth Sync="TRUE">254</attwidth><atprecis Sync="TRUE">0</atprecis><attscale Sync="TRUE">0</attscale></attr><attr><attrlabl Sync="TRUE">SHAPE</attrlabl><attalias Sync="TRUE">DESCRIPTIO</attalias><attrtype Sync="TRUE">String</attrtype><attwidth Sync="TRUE">254</attwidth><atprecis Sync="TRUE">0</atprecis><attscale Sync="TRUE">0</attscale><attrdef Sync="TRUE">Feature geometry.</attrdef><attrdefs Sync="TRUE">ESRI</attrdefs><attrdomv><udom Sync="TRUE">Coordinates defining the features.</udom></attrdomv></attr><attr><attrlabl Sync="TRUE">DESCRIPTIO</attrlabl><attalias Sync="TRUE">Shape</attalias><attrtype Sync="TRUE">Geometry</attrtype><attwidth Sync="TRUE">0</attwidth><atprecis Sync="TRUE">0</atprecis><attscale Sync="TRUE">0</attscale><attrdef Sync="TRUE">Feature geometry.</attrdef><attrdefs Sync="TRUE">Esri</attrdefs><attrdomv><udom Sync="TRUE">Coordinates defining the features.</udom></attrdomv></attr><attr><attrlabl Sync="TRUE">Shape</attrlabl><attalias Sync="TRUE">FID</attalias><attrtype Sync="TRUE">OID</attrtype><attwidth Sync="TRUE">4</attwidth><attrdef Sync="TRUE">Feature geometry.</attrdef><attrdefs Sync="TRUE">ESRI</attrdefs><attrdomv><udom Sync="TRUE">Coordinates defining the features.</udom></attrdomv><atprecis Sync="TRUE">0</atprecis><attscale Sync="TRUE">0</attscale></attr><attr><attrlabl Sync="TRUE">FID</attrlabl><attalias Sync="TRUE">SOIL_TAXON</attalias><attrtype Sync="TRUE">String</attrtype><attwidth Sync="TRUE">254</attwidth><attrdef Sync="TRUE">Internal feature number.</attrdef><attrdefs Sync="TRUE">ESRI</attrdefs><attrdomv><udom Sync="TRUE">Sequential unique whole numbers that are automatically generated.</udom></attrdomv><atprecis Sync="TRUE">0</atprecis><attscale Sync="TRUE">0</attscale></attr><attr><attrlabl Sync="TRUE">SOIL_TAXON</attrlabl><attalias Sync="TRUE">AREA</attalias><attrtype Sync="TRUE">String</attrtype><attwidth Sync="TRUE">254</attwidth><atprecis Sync="TRUE">0</atprecis><attscale Sync="TRUE">0</attscale></attr><attr><attrlabl Sync="TRUE">AREA</attrlabl><attalias Sync="TRUE">AREA_1</attalias><attrtype Sync="TRUE">Double</attrtype><attwidth Sync="TRUE">19</attwidth><atprecis Sync="TRUE">0</atprecis><attscale Sync="TRUE">0</attscale></attr><attr><attrlabl Sync="TRUE">AREA_1</attrlabl><attalias Sync="TRUE">LEN</attalias><attrtype Sync="TRUE">Double</attrtype><attwidth Sync="TRUE">19</attwidth><atprecis Sync="TRUE">0</atprecis><attscale Sync="TRUE">0</attscale></attr><attr><attrlabl Sync="TRUE">LEN</attrlabl><attalias Sync="TRUE">LEN</attalias><attrtype Sync="TRUE">Double</attrtype><attwidth Sync="TRUE">19</attwidth><atprecis Sync="TRUE">0</atprecis><attscale Sync="TRUE">0</attscale></attr></detailed></eainfo><mdDateSt Sync="TRUE">20260106</mdDateSt></metadata>
