village_name,mandal_name,lat,lon,district_name,bore_well_count
00-AGIRIPALLI,Agiripalle,16.67495862859375,80.78058396445313,Krishna,128
00-ALLURU,Veerullapadu,16.772747644027778,80.44737710569444,Krishna,72
00-AVANIGADDA,Avanigadda,16.021098822259887,80.91847070898305,Krishna,177
00-CH PADU,Chandarlapadu,16.697309020952382,80.19870074015873,Krishna,63
00-CHATRAI,Chatrai,16.991591136511627,80.86696162405815,Krishna,860
00-CHILLAKALLU,Jaggayyapeta,16.89261239851852,80.1420040917284,Krishna,81
00-D1-GDV,Gudivada,16.422224723333333,81.00139083333333,Krishna,6
00-D2-GDV,Gudivada,16.435749275217393,80.97741557869564,Krishna,23
00-G.KONDURU,G Konduru,16.684468481764707,80.57772760545454,Krishna,187
00-GAMPALAGUDEM,Gampalagudem,17.00787366876543,80.52865427092593,Krishna,162
00-GANNAVARAM I,Gannavaram,16.5497891088,80.81112651080001,Krishna,25
00-GHANTASALA,Ghantasala,16.1739403796,80.950332645,Krishna,200
00-GUDURU,Gudur,16.220357375,81.079636575,Krishna,2
00-IBRAHIMPATNAM,Ibrahimpatnam,16.587556836341463,80.50511330650407,Krishna,123
00-JAGGAIAHPET,Jaggayyapeta,16.89998261,80.08669284,Krishna,1
00-KALIDINDI,Kalidindi,16.50747667,81.306765,Krishna,1
00-KAMBHAMPADU,A Konduru,16.98530001582857,80.65452671051429,Krishna,175
00-KANKIPADU,Kankipadu,16.431514425384616,80.76961100769232,Krishna,39
00-KANURU,Penamaluru,16.498625595544553,80.69291969475248,Krishna,101
00-KONDAPALLI,Ibrahimpatnam,16.62204708375,80.55100187625,Krishna,8
00-LAKSHMIPURAM,Challapalli,16.1413987547191,80.96276677853932,Krishna,89
00-MEERJAPURAM,Nuzvid,16.70313082511111,80.93418987266666,Krishna,180
00-MOPIDEVI,Mopidevi,16.05995635829787,80.91296754792553,Krishna,188
00-MUDINEPALLI,Mudinepalli,16.41305333,81.110725,Krishna,1
00-MUSUNURU,Musunuru,16.82305426707196,80.92973270602978,Krishna,403
00-MYLAVARAM,Mylavaram,16.755837157093023,80.63330645705427,Krishna,258
00-Movva(HQ),Movva,16.228519810454543,80.91987203459595,Krishna,198
00-NAGAYALANKA,Nagayalanka,15.95300325,80.92148137,Krishna,1
00-NANDIGAMA,Nandigama,16.773762044799998,80.2920725112,Krishna,75
00-NUZVID TOWN,Nuzvid,16.79391622197222,80.84486625561111,Krishna,360
00-PAMARRU,Pamarru,16.326042414084508,80.96100970140844,Krishna,71
00-PAMIDIMUKKALA,Pamidimukkala,16.283192998611113,80.87191722972221,Krishna,72
00-PEDANA TOWN,Pedana,16.28064482,81.1542459,Krishna,1
00-PEDAPARUPUDI,Pedaparupudi,16.42691792408451,80.95438558070423,Krishna,142
00-PENAMALURU,Penamaluru,16.460853186054422,80.72470340564627,Krishna,441
00-PENUGANCHIPROLU,Penuganchiprolu,16.906799032271845,80.24258609275728,Krishna,515
00-PTMT00,Vijayawada Rural,16.485620666,80.66760233400001,Krishna,5
00-RAMANAKKAPET,Musunuru,16.8890193467094,80.87180365162392,Krishna,234
00-REDDYGUDEM,Reddigudem,16.87096969384106,80.73492400139072,Krishna,151
00-THOTLAVALLURU,Thotlavalluru,16.35238355340845,80.78854314729577,Krishna,355
00-TIRUVURU,Tiruvuru,17.107328715880502,80.61123751515724,Krishna,318
00-UNGUTURU,Unguturu,16.501142557142856,80.88845556857143,Krishna,7
00-VATCHAVAI,Vatsavai,16.97411394374233,80.24444827723926,Krishna,163
00-VISSANNAPETA,Vissannapet,16.933942984189816,80.788220153125,Krishna,432
00-VUYYURU,Vuyyuru,16.363623023000002,80.8450741,Krishna,90
01-6333401,Jaggayyapeta,16.902291369375,80.090982615625,Krishna,16
01-A KONDURU,A Konduru,16.961778984629632,80.6517032149074,Krishna,324
01-A R PADU,Nandigama,16.766450236296297,80.23862119222223,Krishna,27
01-ADDADA,Pamarru,16.349794216,80.978771762,Krishna,5
01-ADDPARRU,Kruthivennu,16.37410232,81.34031169,Krishna,1
01-ADIVINEKKALAM,Agiripalle,16.639263441535434,80.71858744559054,Krishna,254
01-AGNIPARRU,Pamidimukkala,16.273348105068493,80.88140993150685,Krishna,73
01-AKKAPALEM,Tiruvuru,17.13419521380769,80.58609392646154,Krishna,260
01-AKKIREDDIGUDEM,Musunuru,16.883620026884614,80.90276119257693,Krishna,260
01-AKUNURU,Vuyyuru,16.396785333761468,80.82268764009176,Krishna,109
01-ALLURIPADU,Vatsavai,16.943742004477613,80.24089859104477,Krishna,67
01-AMBARUPET,Nandigama,16.748072682682928,80.30457544731706,Krishna,41
01-AMMEREDDYGUDEM,Gampalagudem,16.962578457006803,80.48488933115647,Krishna,147
01-AMPAPURAM,Bapulapadu,16.608137852,80.88254095946667,Krishna,75
01-AMUDALAPALLI,Unguturu,16.5054617128,80.90430850759999,Krishna,25
01-ANANTAVARAM,Mylavaram,16.788413057586208,80.60584923034483,Krishna,29
01-ANEERAOPETA,Reddigudem,16.882619615197132,80.76700906544802,Krishna,279
01-ANGALURU,Gudlavalleru,16.38201980346154,81.04156293019231,Krishna,52
01-ANIGALLAPADU,Penuganchiprolu,16.890870938012423,80.283891314441,Krishna,322
01-ANNAVARAM,Jaggayyapeta,16.908820145265306,80.03118717857143,Krishna,245
01-ANNAVARAM,Nuzvid,16.83444690242647,80.84994089797794,Krishna,272
01-APPIKATLA,Pedaparupudi,16.412871708360655,80.92184420704919,Krishna,61
01-ARUGOLANUPETA,Chatrai,16.96452783976699,80.8463409953398,Krishna,515
01-ATCHAMPALEM,Ghantasala,16.20997329618421,80.87810254026316,Krishna,76
01-ATUKURU,G Konduru,16.67848042142857,80.5864443778022,Krishna,91
01-B B PALEM,Chandarlapadu,16.74616909181818,80.18290166636363,Krishna,22
01-BALIVE,Musunuru,16.813824903790323,81.00579993540322,Krishna,124
01-BALLIPARRU,Pedana,16.269119783846154,81.18607591,Krishna,13
01-BATTENAPADU,Kanchika Cherla,16.621964775000002,80.44874222499999,Krishna,2
01-BILLANAPALLI,Bapulapadu,16.72799767527523,80.95584991706423,Krishna,218
01-BILLAPADU,Gudivada,16.414417196363637,81.00001446454546,Krishna,11
01-BOBBARLANKA,Mopidevi,16.070758188640777,80.89985328995145,Krishna,206
01-BODAVADA,Veerullapadu,16.734267151250002,80.362916458125,Krishna,16
01-CH.V.PALEM,Kankipadu,16.3992798544,80.79760712933334,Krishna,75
01-CHANDRUPATLA,Vissannapet,16.97642010446541,80.76443422320754,Krishna,159
01-CHILUKURU,Ibrahimpatnam,16.620176867142856,80.41727827642856,Krishna,28
01-CHODAVARAM,Penamaluru,16.432109755522387,80.70211246858209,Krishna,268
01-ELAPROLU,Ibrahimpatnam,16.609514098571427,80.55883667428573,Krishna,7
01-GANNAVARAM II,Gannavaram,16.542461955384617,80.80338908538462,Krishna,13
01-NUNNA,Vijayawada Rural,16.603630492267573,80.68267851732426,Krishna,441
01-PALLERLAMUDI,Nuzvid,16.692528712114697,80.97653385996415,Krishna,279
02-ALLAPURAM,Gannavaram,16.542458808888888,80.82402220222222,Krishna,9
02-ALLINAKIPALEM,Pamidimukkala,16.233123333333335,80.86510833666667,Krishna,3
02-AMMAVARI GUDEM,Agiripalle,16.672018081627908,80.80075108697675,Krishna,43
02-ANANDAPURAM,Vuyyuru,16.386986806666666,80.83724155,Krishna,3
02-ANASAGARAM,Nandigama,16.793621874509803,80.27800104039216,Krishna,51
02-ANUMANCHIPALLI,Jaggayyapeta,16.940190237458562,80.07088713552486,Krishna,181
02-ANUMOLULANKA,Gampalagudem,16.975254318798076,80.5482589260577,Krishna,208
02-ATLAPREGADA,A Konduru,16.947699057662337,80.72557099077922,Krishna,231
02-Anjaneyapuram,Tiruvuru,17.07257619520833,80.61457602791667,Krishna,48
02-Ayyanki,Movva,16.26249953,80.94317923215687,Krishna,51
02-B K V PALEM(OLD),Chandarlapadu,16.780848119999998,80.20468711777778,Krishna,9
02-B V GUDEM,Nuzvid,16.77202820011364,80.78441020386363,Krishna,88
02-BADAVA,Mylavaram,16.852439040833335,80.632669684375,Krishna,48
02-BASAVARAPPADU,Musunuru,16.90169167761905,80.91566392055556,Krishna,126
02-BHADRI RAJUPALEM,Thotlavalluru,16.33457761,80.79595119326589,Krishna,346
02-BHAVANIPURAM,Reddigudem,16.912592168,80.673052334,Krishna,10
02-BHIMAVARAM,Vatsavai,16.896324550515462,80.16871563927835,Krishna,97
02-BHIMAVARAPPADU,G Konduru,16.70519692532258,80.65209039709677,Krishna,62
02-BHUSHANAGULLA,Pedaparupudi,16.434435592954546,80.96507060840909,Krishna,44
02-BIRUDUGADDA,Ghantasala,16.155821719285715,80.96808607785714,Krishna,14
02-BOMMULURU,Gudivada,16.413293857857145,81.02060240499999,Krishna,14
02-BURUGUDEM,Chatrai,17.013212805354478,80.86741780391792,Krishna,536
02-CHALLAPALLI,Challapalli,16.124988578333333,80.92438737,Krishna,6
02-CHEEPURUVARIPALEM,Vissannapet,17.047649952,80.77514224933334,Krishna,60
02-CHEVITIKALLU,Kanchika Cherla,16.614272097384614,80.36071339523076,Krishna,65
02-CHILLABOYINAPALLI,Musunuru,16.768555846347827,80.98459053308696,Krishna,230
02-CHIRUVOLU,Mopidevi,16.057011406666668,80.93998309589743,Krishna,39
02-CH_R_PALEM,Veerullapadu,16.74578195318182,80.44335877318181,Krishna,44
02-DAMULURU,Ibrahimpatnam,16.599524890697676,80.43379319976745,Krishna,43
02-DAVULURU,Kankipadu,16.406198069607843,80.78995523147059,Krishna,102
02-G.V.V.PALEM,Avanigadda,15.986642499999999,80.92183316,Krishna,2
02-GANGOOR,Penamaluru,16.474774096306305,80.74111041378379,Krishna,111
02-GDLTN02,Vijayawada Rural,16.529943009054055,80.66771513635135,Krishna,74
02-GUDAVALLI,Vijayawada Rural,16.511141519418604,80.74873322523257,Krishna,86
02-GUMMADIDURRU,Penuganchiprolu,16.862567171504853,80.29094009388349,Krishna,206
02-NEKKALAM GOLLAGUDEM,Agiripalle,16.65777553181818,80.70731245272727,Krishna,11
02-PEDDAPULIPAKA,Penamaluru,16.458394938674697,80.68670051716867,Krishna,166
02-SEETHARAMA PURAM,Nuzvid,16.671582943947367,80.95020911552632,Krishna,76
03-AMINAPURAM,Pamidimukkala,16.312557288346458,80.84569869488189,Krishna,127
03-ANANTAIPETA,Gudur,16.22670693,81.10282933,Krishna,1
03-ANANTASAGARAM,Agiripalle,16.700934979673203,80.86653208738562,Krishna,153
03-ARIPIRALA,Nandivada,16.53711167,80.98287667,Krishna,1
03-ARLAPADU,Gampalagudem,17.02867231361111,80.48556539430555,Krishna,72
03-ARUGOLANU,Bapulapadu,16.56582313789474,80.95349789842105,Krishna,19
03-ATUKURU,Unguturu,16.574106742047245,80.8457485607874,Krishna,127
03-AZZAMPUDI,Gannavaram,16.5298239884375,80.8050120321875,Krishna,32
03-BALLIPARRU,Pamarru,16.339974826666666,80.95005043333333,Krishna,3
03-BALUSUPADU,Jaggayyapeta,16.922242032258065,80.05044104225807,Krishna,62
03-BOBBILLAPADU,Chandarlapadu,16.71884723464286,80.2025588267857,Krishna,28
03-BODDAPADU,Thotlavalluru,16.393004386666668,80.78159594944445,Krishna,162
03-BOLLAPADU,Ghantasala,16.17910345625,80.96446365375,Krishna,16
03-BOLLAPADU,Vuyyuru,16.414496357727273,80.88146983409092,Krishna,132
03-BORRAGUDEM,Mylavaram,16.8180074484375,80.63435932375,Krishna,32
03-BURAVANCHA,Nuzvid,16.75426377909091,80.8388781270979,Krishna,286
03-Barlapudi,Movva,16.259360817910448,80.89788892477611,Krishna,67
03-CH.MADHAVARAM,G Konduru,16.697896567873563,80.54896600580459,Krishna,174
03-CHANDAPURAM,Nandigama,16.757831242545453,80.274672546,Krishna,55
03-CHANDRALA,Gudlavalleru,16.37907125,81.05629583,Krishna,1
03-CHATTANNAVARAM,Veerullapadu,16.77832764875,80.42658749375,Krishna,16
03-CHEEMALAPADU,A Konduru,16.887633916842105,80.63907552426316,Krishna,190
03-CHEEPURUGUDEM,Chatrai,17.04383664986928,80.93965853117648,Krishna,306
03-CHEKKAPALLI,Musunuru,16.870926353234672,80.93168145490486,Krishna,473
03-CHENNURU,Pedana,16.36968967,81.13757779,Krishna,1
03-CHIKKULAGUDEM,Tiruvuru,17.007236044051282,80.59590728394872,Krishna,195
03-CHILAKAMUDI,Gudivada,16.463087825000002,81.045431275,Krishna,2
03-CHINAMODUGAPALL,Vatsavai,16.958320525789475,80.1675012718421,Krishna,38
03-CHINTALA MADA,Challapalli,16.14563980166667,80.96016306371794,Krishna,78
03-CHINTALAVALLI,Musunuru,16.832990153564356,80.91134836069307,Krishna,202
03-EDUPUGALU,Kankipadu,16.4601118069962,80.75456520441065,Krishna,263
03-GANDEPALLI,Kanchika Cherla,16.733705111176473,80.33474685352941,Krishna,34
03-GOSALA,Penamaluru,16.438524984245284,80.74925771962263,Krishna,106
03-GOWRAMPALEM,Vissannapet,16.94405098372093,80.80616487023256,Krishna,43
03-K.KOTHA PALEM,Mopidevi,16.094831927402236,80.90075686044693,Krishna,358
03-KOLLIKOLLA,Penuganchiprolu,16.858564545694446,80.26871307013889,Krishna,72
03-KOTHANAGALURU,Reddigudem,16.81152651751825,80.71195683569343,Krishna,137
03-M N S PALEM,Nuzvid,16.70299466215909,80.96107785113637,Krishna,88
03-MODUMUDI,Avanigadda,16.026816637435896,80.93400649461537,Krishna,39
03-TADIGADAPA,Penamaluru,16.471495778859314,80.6927282704943,Krishna,263
04-B.B.GUDEM,Gannavaram,16.578027776,80.790703808,Krishna,10
04-B.KANDRIKA,Bapulapadu,16.658428658571427,80.98944698625,Krishna,56
04-BANDARUGUDEM,Unguturu,16.614227512333333,80.86257032633333,Krishna,30
04-BANDIPALEM,Jaggayyapeta,16.822111860652175,80.18007400500001,Krishna,46
04-BHAGAVANULAPURAM,Gampalagudem,16.976808704444444,80.37139229333333,Krishna,9
04-BODDANAPALLI,Agiripalle,16.704268305652175,80.73510751113044,Krishna,115
04-Bhatlapenumarru,Movva,16.283862512916667,80.90636668555555,Krishna,72
04-CH V GUDEM,Mylavaram,16.840770257710844,80.63123866493976,Krishna,83
04-CHAGANTIPADU,Thotlavalluru,16.31906571442748,80.8032430335369,Krishna,393
04-CHEGIREDDIPADU,G Konduru,16.66825438254902,80.63079534274509,Krishna,51
04-CHILAKALAPUDI,Ghantasala,16.19238549,80.95314674545455,Krishna,33
04-CHINA OGIRALA,Vuyyuru,16.368682277701865,80.81523023807453,Krishna,322
04-CHINA PARUPUDI,Pedaparupudi,16.393512834354837,80.92674140467743,Krishna,62
04-CHINA YERUKAPADU,Gudivada,16.399210663636364,81.00311061727272,Krishna,11
04-CHINNAMPETA,Chatrai,17.05411352450909,80.88416713858182,Krishna,275
04-CHINTALAPADU,Chandarlapadu,16.657060303461538,80.28596539061539,Krishna,130
04-CHINTALAPDU,Tiruvuru,17.025692967019232,80.55472195783653,Krishna,208
04-CHITTELLA,Vatsavai,16.94415517862069,80.19974421103448,Krishna,58
04-CHODAVARAM,Nagayalanka,15.93840778,80.91384116,Krishna,1
04-CHOTAPALLI,Veerullapadu,16.797426014166664,80.41786715583333,Krishna,12
04-DEVARAGUNTA,Nuzvid,16.75765101448052,80.9148026725974,Krishna,308
04-ELLAPURAM,Musunuru,16.861255799423077,80.96545391634616,Krishna,52
04-ENIKEPADU,Vijayawada Rural,16.521243337599998,80.6999039394,Krishna,50
04-GANIATKURU,Kanchika Cherla,16.60198679425926,80.38843284537036,Krishna,108
04-GODAVARRU,Kankipadu,16.4156767988,80.75432699356924,Krishna,325
04-GOGULAMPADU,Musunuru,16.85303515087097,80.9234675327742,Krishna,310
04-HANUMANTHPALEM,Nandigama,16.790498703333334,80.25781685222222,Krishna,9
04-JANALAGADA,Vissannapet,16.991537837142857,80.69880835114286,Krishna,35
04-KOKKILAGADDA,Mopidevi,16.072819828979593,80.90708957632653,Krishna,147
04-KONAKANCHI,Penuganchiprolu,16.834236329181817,80.20819516363636,Krishna,110
04-KOTHDAREDDYGUDEM,Reddigudem,16.881968831839078,80.74479340804598,Krishna,87
04-PORANKI,Penamaluru,16.486204366244344,80.71819571533936,Krishna,221
04-YENAMALAKUDURU,Penamaluru,16.475921642020204,80.6717437730303,Krishna,99
04-kOTHA MAJERU,Challapalli,16.136126177575758,81.02901523515152,Krishna,33
05-BAPULAPADU,Bapulapadu,16.64125372373494,80.96228933337349,Krishna,83
05-BOKINALA,Unguturu,16.46211261904762,80.84500484071428,Krishna,42
05-BOMMINAMPADU,Mudinepalli,16.480557644999998,81.221113395,Krishna,2
05-BUCHAVARAM,Jaggayyapeta,16.885253076153848,80.14342307615385,Krishna,13
05-CHALLAGULLAVARIPALEM,Gampalagudem,17.005190151851853,80.49232118185185,Krishna,54
05-CHANDARALA,Mylavaram,16.76582978030899,80.71160617098315,Krishna,356
05-CHEDURTIPADU,Nandivada,16.504279585,80.9299154175,Krishna,4
05-CHEVUTURU,G Konduru,16.70026125624413,80.5947251556338,Krishna,213
05-CHILAKALPUDI,Machilipatnam,16.12133151,81.04761541,Krishna,1
05-CHINA AGIRIPALLI,Agiripalle,16.6612248840367,80.78439243559633,Krishna,109
05-CHINAKALLEPALLI,Ghantasala,16.175846919,80.8854166825,Krishna,40
05-CHINAPULIPAKA,Thotlavalluru,16.39544544088889,80.76709915077778,Krishna,90
05-CHITHAPUR,Chatrai,16.934186229366198,80.86211501793427,Krishna,426
05-CHITTELA,Tiruvuru,17.079879485324675,80.60055305818182,Krishna,77
05-Chinamuthevi,Movva,16.255565645357144,80.96188601642858,Krishna,28
05-DABBAKULAPALLI,Vatsavai,16.99533821625,80.23089974568182,Krishna,88
05-DIGAVALLI,Nuzvid,16.87002523263298,80.84935422545212,Krishna,376
05-DOSAPADU,Pedaparupudi,16.464994538369567,80.9589237127174,Krishna,92
05-D_D_PADU,Veerullapadu,16.83223293154762,80.41543899130953,Krishna,84
05-EGINIPADU,Vuyyuru,16.385131911470587,80.86753230411765,Krishna,34
05-ETURU,Chandarlapadu,16.641676301,80.301644956,Krishna,90
05-GOLLAGUDEM,Kankipadu,16.44514024076923,80.77903795076924,Krishna,13
05-GOLLAGUDEM,Musunuru,16.903471986623376,80.89637488051949,Krishna,77
05-GOLLAMANDALA,A Konduru,16.983505510238096,80.66508246489795,Krishna,294
05-GOPAVARAM,Musunuru,16.814737665882355,80.9732237851294,Krishna,425
05-GOTTIMUKKALA,Kanchika Cherla,16.695734847333334,80.42281168644445,Krishna,90
05-GUNTUPALLI,Ibrahimpatnam,16.566655945454546,80.54771874181819,Krishna,22
05-INAMPUDI,Pamarru,16.347170214,80.987609802,Krishna,10
05-ITHAVARAM,Nandigama,16.728254673802816,80.30747594281691,Krishna,71
05-K L PURAM,Vissannapet,17.01828317697183,80.77744835542254,Krishna,142
05-K.AGRAHARAM,Jaggayyapeta,16.857976200229007,80.0961584740458,Krishna,131
05-KOSURIVARI PALE,Mopidevi,16.05122938921569,80.93877468892157,Krishna,204
05-KUDAPA,Reddigudem,16.897717812238806,80.68742197059701,Krishna,67
05-LINGAGUDEM,Penuganchiprolu,16.90321252578125,80.21658138078125,Krishna,64
05-MANGALAPURAM,Challapalli,16.112087943636364,80.97181802454546,Krishna,11
05-MARRIBANDAM,Nuzvid,16.680257600243902,80.94599039146341,Krishna,41
05-NIDAMANURU,Vijayawada Rural,16.507376189813954,80.7268501124186,Krishna,215
05-PULIGADDA,Avanigadda,16.039355780676694,80.90392342360903,Krishna,133
05-VANUKURU,Penamaluru,16.437079980163936,80.73287638678688,Krishna,305
06-BALLIPARRU,Gannavaram,16.593438916249998,80.840408418125,Krishna,48
06-BOMMULURU,Bapulapadu,16.656260709384615,80.99117603476923,Krishna,65
06-BUDAVADA,Jaggayyapeta,16.88387778534351,80.03360378984732,Krishna,131
06-CHAGANTIPADU,Unguturu,16.478169990465116,80.85553026790697,Krishna,43
06-CHANDRAGUDEM,Mylavaram,16.799938851022496,80.6257175888548,Krishna,489
06-CHENNAVARAM,Gampalagudem,17.006258161578945,80.47312511210527,Krishna,38
06-CHERUKUPALEM,Nandigama,16.777381974814816,80.17856722185185,Krishna,27
06-CHINA LINGALA,Nandivada,16.53415667,80.93144,Krishna,1
06-CHINANANDIGAMA,G Konduru,16.729109859171597,80.65807021781065,Krishna,169
06-CHIRI CHINTALA,Gudivada,16.384465926666664,81.01785925888889,Krishna,9
06-CHITOORU,Ghantasala,16.16864057,80.9967099225,Krishna,4
06-CHOPPARAMETLA,Agiripalle,16.683144143412697,80.8156363061111,Krishna,126
06-CHORAGUDI,Pamidimukkala,16.23519596853211,80.87425572486238,Krishna,109
06-CHOUTAPLLI,Tiruvuru,17.04067418648485,80.60405484666667,Krishna,165
06-DASAVARAM,Veerullapadu,16.769661416944444,80.40318504222222,Krishna,36
06-DESUPALEM,Vatsavai,16.94665014478261,80.12034108673913,Krishna,46
06-DEVARAPALLI,Thotlavalluru,16.29522658131291,80.81056641249452,Krishna,457
06-G V PALEM,Chandarlapadu,16.73047389,80.23159222,Krishna,3
06-GANDIGUNTA,Vuyyuru,16.379693578930482,80.83933286631016,Krishna,187
06-GGUNNACHINTALAPADU,A Konduru,17.0273802924,80.6125916784,Krishna,25
06-GOLLAPALLI,Nuzvid,16.72300991385768,80.90604263801498,Krishna,267
06-GUDIPADU,Chatrai,16.96139122146154,80.89812278846154,Krishna,130
06-GUDIPADU,Musunuru,16.87237556619863,80.96304831287671,Krishna,292
06-Gudapadu,Movva,16.21999901,80.89598357,Krishna,53
06-JAGANNADHAPURAM,Kankipadu,16.461738513500002,80.79899604350001,Krishna,20
06-JIJJAVARAM,Pamarru,16.306267222,80.99665288733333,Krishna,15
06-JUPUDI,Ibrahimpatnam,16.594526915315317,80.48746715297298,Krishna,111
06-KATERENIPADU,Musunuru,16.787269662421227,80.94062184525704,Krishna,603
06-KLAGARA,Vissannapet,17.009224475421686,80.76823765981928,Krishna,332
06-KUNAPARAPARVA,Reddigudem,16.906711442597402,80.73247508779221,Krishna,77
06-M.M.LANKA,Mopidevi,16.060703931392403,80.96256708683543,Krishna,158
06-MEKA VARI PALEM,Challapalli,16.120036621489362,80.90928130531915,Krishna,47
06-MUCHINTALA,Penuganchiprolu,16.910664983768115,80.2696488884058,Krishna,69
06-MUKTYALA,Jaggayyapeta,16.83087160117647,80.08159989627451,Krishna,51
06-MUNAGACHERLA,Nandigama,16.79824786952381,80.2594312457143,Krishna,21
06-RAMA KOTI PURAM,Avanigadda,16.026858013333335,80.93533657416667,Krishna,12
06-RAMAVARAPPADU,Vijayawada Rural,16.5322029632,80.68426930746666,Krishna,75
07-BUDHAVARAM,Gannavaram,16.5290617334375,80.809524330625,Krishna,32
07-CHIKKINALA,Unguturu,16.46214285410959,80.84780461164382,Krishna,73
07-CHINACOMIRA,Gampalagudem,16.99795987,80.5207746,Krishna,1
07-CHITOORUPU,Ghantasala,16.153435182293578,80.9187882238532,Krishna,109
07-CHOWTAPALLI,Gudivada,16.431209145714284,81.03881300714285,Krishna,7
07-DAMULURU,Nandigama,16.827829758727272,80.36666727000001,Krishna,55
07-DASULLAPALEM,Mylavaram,16.82513024088889,80.61712995366666,Krishna,180
07-DESANNAPALEM,Pamidimukkala,16.265576332000002,80.88378,Krishna,5
07-DHARMALAPADU,Jaggayyapeta,16.877273618636366,80.13615283136363,Krishna,66
07-DUGGIRALAPADU,G Konduru,16.75543223107438,80.51124593669422,Krishna,121
07-EDARA,Agiripalle,16.739136486766917,80.75653449932331,Krishna,133
07-EDURAMADDALI,Pedaparupudi,16.407667217974684,80.94359032645569,Krishna,79
07-ERRAMADU,Tiruvuru,17.06733903787879,80.51381188636363,Krishna,33
07-GANGAVALLI,Vatsavai,16.97319132375,80.209646169375,Krishna,16
07-GARIKIPARRU,Thotlavalluru,16.352306910784314,80.8317698414379,Krishna,153
07-GUDIMETLA,Chandarlapadu,16.73734019330357,80.15623983616071,Krishna,112
07-GULLAPUDI,Musunuru,16.88052125698276,80.96355054586208,Krishna,116
07-G_MADHAVARAM,Veerullapadu,16.782043829326923,80.48281255798078,Krishna,104
07-H M GUDEM,Nuzvid,16.85311049423729,80.8310382338983,Krishna,118
07-JABARLAPUDI,Vuyyuru,16.395982654999997,80.91060414277779,Krishna,36
07-JANARDHANAVARAM,Chatrai,16.964834139407667,80.87186559881533,Krishna,287
07-K.LOCK,Kankipadu,16.463375420689655,80.80534394896551,Krishna,29
07-KACHAVARAM,Ibrahimpatnam,16.628211771875,80.439133333125,Krishna,16
07-KANCHRLAVANI PURAM,Pamarru,16.31517665,80.98063051166667,Krishna,6
07-KEESARA,Kanchika Cherla,16.717338465,80.32367068583333,Krishna,24
07-KODURU,A Konduru,17.00261828039443,80.62347821183295,Krishna,431
07-KONDAPARVA,Vissannapet,16.906794959367947,80.8280290447404,Krishna,443
07-KORLAGUNTA,Musunuru,16.807457760903613,80.905479985,Krishna,166
07-KOTHAPALLI,Bapulapadu,16.72640068035176,80.9442974401005,Krishna,199
07-Karakampadu,Movva,16.255643321666664,80.94584355833332,Krishna,6
07-MERAKANAPALLI,Mopidevi,16.058971597206703,80.94880588011173,Krishna,179
07-MODDULAPARVA,Reddigudem,16.92327379075,80.76139754399999,Krishna,280
07-MULLAPADU,Penuganchiprolu,16.86107601176471,80.23688940602942,Krishna,68
07-NADAKUDURU,Challapalli,16.123008308550723,80.88348880536232,Krishna,69
07-RAMACHANDRA PUR,Avanigadda,16.03052529,80.95497923,Krishna,1
07-RATNALA GUDEM,Nuzvid,16.68231609,80.96988111,Krishna,1
07-T.G.PALEM,Jaggayyapeta,16.902984010588238,80.12008537588235,Krishna,17
08-CH.O.PALLI,Gannavaram,16.554118987333332,80.82473378177778,Krishna,45
08-CHINTALANERVA,Gampalagudem,17.006885463939394,80.47531475878787,Krishna,33
08-DALIPARRU,Ghantasala,16.148097717894736,80.97271447263158,Krishna,19
08-DOKIPARRU,Gudlavalleru,16.292721059999998,81.060101695,Krishna,2
08-DONDAPADU,Gudivada,16.46018675625,81.03875696291666,Krishna,24
08-DULIPUDIPALEM,Pamidimukkala,16.290270207473686,80.83300610326316,Krishna,95
08-EDULAGUDEM,Agiripalle,16.693540117281106,80.84413121345622,Krishna,217
08-EDURUBEDEM,Mylavaram,16.78022521597122,80.73763315330935,Krishna,139
08-ELAMARRU,Pedaparupudi,16.371992095564202,80.92444399284047,Krishna,257
08-ELUKAPADU,Unguturu,16.497824395454543,80.87660939272727,Krishna,11
08-ERUKAPDU,Tiruvuru,17.029665648888887,80.53932542244443,Krishna,45
08-G.B.PALEM,Jaggayyapeta,16.826995651666667,80.17547717000001,Krishna,12
08-GADDAMANUGU,G Konduru,16.683651263581396,80.55248894618605,Krishna,215
08-GOKARAJUPALLI,Veerullapadu,16.747663,80.371912334,Krishna,5
08-GOLLAPUDI,Vijayawada Rural,16.538747262857143,80.57541809571428,Krishna,14
08-GOPINENIPALEM,Vatsavai,16.93141445237288,80.16708961084746,Krishna,59
08-GULLAMUDI,Nandigama,16.784970773448276,80.35806444224137,Krishna,58
08-GURUVINDAPALLI,Thotlavalluru,16.286152611574803,80.82311577401575,Krishna,127
08-JANGAM GUDEM,Nuzvid,16.778868127586207,80.90320101921183,Krishna,203
08-JAYAPURAM,Chatrai,16.97094524131579,80.88764258039474,Krishna,76
08-K KALLU,Chandarlapadu,16.64728894074074,80.19387890074074,Krishna,54
08-K.S.N.PALEM,Kankipadu,16.414506526865672,80.71507197895522,Krishna,67
08-KADAVAKOLLU,Vuyyuru,16.403193518113206,80.85405362113208,Krishna,53
08-KANUMURU,Pamarru,16.33855913074468,80.90583147202128,Krishna,94
08-KAZA,Movva,16.190669475454545,81.00105198393939,Krishna,33
08-KETHANA KONDA,Ibrahimpatnam,16.62333209414894,80.45857970882979,Krishna,94
08-KOMATIKUNTALA,A Konduru,16.888574049836066,80.61747258180328,Krishna,61
08-KORLMANDA,Vissannapet,17.043718612841225,80.7712755451532,Krishna,359
08-KOTHAPET,Kanchika Cherla,16.61168553111111,80.41020394888889,Krishna,9
08-LOPUDI,Musunuru,16.91552076218045,80.94641524248121,Krishna,133
08-M.D.LANKA,Mopidevi,16.05395628318182,80.92476061356061,Krishna,132
08-MACHAVARAM,Machilipatnam,16.20358083,81.13930583,Krishna,2
08-MUCHINAPALLI,Reddigudem,16.949055109916667,80.72346263633334,Krishna,120
08-NADELLA VARI PA,Challapalli,16.118776663098593,80.88472108760564,Krishna,71
08-NAWABPET,Penuganchiprolu,16.822752827016128,80.22991593887096,Krishna,124
08-PEDAPATIGUDEM,Musunuru,16.80376927719512,80.97550578390243,Krishna,82
08-PRASADAMPADU,Vijayawada Rural,16.53008523490566,80.69420736943397,Krishna,53
08-SOUTH CH.V. LAN,Avanigadda,16.035076050119045,80.95555338666667,Krishna,168
08-TRIPURAVARAM,Jaggayyapeta,16.865127387567565,80.08422657621621,Krishna,37
09-CHIKKAVARAM,Gannavaram,16.593146206744187,80.79891881360466,Krishna,86
09-DEVARA KOTA,Ghantasala,16.152346043625,80.944768924375,Krishna,80
09-DUNDIRALAPADU,Gampalagudem,17.00070384576,80.40612242232,Krishna,125
09-ETIMOGA,Nagayalanka,15.8776548,80.90631444,Krishna,1
09-FATHALANKA,Pamidimukkala,16.309799222555554,80.83485824033333,Krishna,90
09-G KOTHURU,Tiruvuru,17.023764040350876,80.59229317438596,Krishna,114
09-GANAPAVARAM,Mylavaram,16.74237974613333,80.7035536594,Krishna,300
09-GANDRAI,Jaggayyapeta,16.946153827777778,80.11223946403705,Krishna,270
09-GANGINENI,G Konduru,16.75663680426087,80.52276532613043,Krishna,230
09-GARAPADU,Unguturu,16.532132531666665,80.91317342666666,Krishna,6
09-GOPALAPURAM,Agiripalle,16.660922186875,80.745268438125,Krishna,16
09-GURIVINDA GUNTA,Pedaparupudi,16.442671046857143,80.95254710257143,Krishna,35
09-ILURU,Thotlavalluru,16.261627915,80.8298258303125,Krishna,64
09-INDUGAPALLI,Vatsavai,16.978391656438355,80.17800035671233,Krishna,73
09-JAGANADHAPURAM,Veerullapadu,16.725036690714287,80.41117573535713,Krishna,28
09-K L THANDA,Nuzvid,16.78983667,80.80838833,Krishna,1
09-K SEETARAMAPURAM,Bapulapadu,16.620858993333332,80.96508362166666,Krishna,6
09-KALAVAPAMULA,Vuyyuru,16.441076516587678,80.87657856255925,Krishna,211
09-KANDALAMPADU,Kankipadu,16.42917059028169,80.83853547971832,Krishna,71
09-KANDRAPADU,Chandarlapadu,16.753998459791667,80.18855289770833,Krishna,48
09-KAPAVARAM,Pamarru,16.298315323333334,81.01463847666668,Krishna,9
09-KOTAPADU,Chatrai,17.050036027984294,80.9199081786911,Krishna,382
09-KOTHURU,A Konduru,17.016527272692308,80.66392554961539,Krishna,78
09-KOTIPALLI,Vissannapet,17.02114504975,80.695883748625,Krishna,80
09-KUNIKANAPADU,Kanchika Cherla,16.61523363753623,80.35180527086956,Krishna,69
09-NAGAYATHIPPA,Mopidevi,16.058344588056872,80.92582822355449,Krishna,211
09-NARAKULLAPADU,Reddigudem,16.84387907952381,80.6870466072619,Krishna,84
09-NATTAVARIGUDEM,Musunuru,16.851691485,80.989617995,Krishna,10
09-NIMMAGADDA,Challapalli,16.140239123398693,80.87554047130719,Krishna,153
09-PONNAVARAM,Penuganchiprolu,16.847860555333334,80.27724899933334,Krishna,15
09-SINHADRIPURAM,Musunuru,16.812649865714285,80.90473335271429,Krishna,70
09-VEMPADU AGRAHARAM,Nuzvid,16.741481218181818,80.92954514421487,Krishna,363
10-CH. KARAGRAHARAM,Machilipatnam,16.12121789,81.04741898,Krishna,1
10-DAVAJIGUDEM,Gannavaram,16.5394056675,80.81499750750001,Krishna,20
10-EDUMUDI,Pedana,16.28593820076923,81.1638929023077,Krishna,13
10-GADEVARIGUDEM,Gampalagudem,17.00637602953125,80.4758260603125,Krishna,64
10-GANUGAPADU,Tiruvuru,17.027102908087652,80.59211329262949,Krishna,251
10-GARIKAPADU,Jaggayyapeta,16.952602543999998,80.05402395533334,Krishna,15
10-GOLLAGUDEM - 1,Kalidindi,16.52721,81.283525,Krishna,1
10-GOLLAPUDI HV,Vijayawada Rural,16.534045556666666,80.57842666666666,Krishna,3
10-GS PALEM,Ghantasala,16.177962608064515,80.92243949645162,Krishna,31
10-GURIJEPALLI,Gudur,16.25498,81.07794416499999,Krishna,2
10-GURURAJUPALEM,G Konduru,16.737770329578947,80.61681897421053,Krishna,95
10-INDUPALLI,Unguturu,16.46478833276119,80.88431599537314,Krishna,268
10-JAMMAVARAM,Veerullapadu,16.735310820714286,80.36050190928572,Krishna,14
10-JANGALAPALLI,Mylavaram,16.809951114417178,80.64207557263803,Krishna,163
10-K V VARAM,Vatsavai,16.939078173492064,80.25278684730159,Krishna,63
10-KAKULAPADU,Bapulapadu,16.59272941,80.97942335666666,Krishna,3
10-KALATURU,Agiripalle,16.676221590593222,80.83614984059321,Krishna,118
10-KALLAMVARIPALEM,Thotlavalluru,16.309286538264463,80.8084436561157,Krishna,121
10-KASARABADA,Chandarlapadu,16.67798169870968,80.15688226612903,Krishna,31
10-KATURU,Vuyyuru,16.42141491568282,80.85556171447136,Krishna,454
10-KOLAVENNU,Kankipadu,16.43735730836461,80.79793372171581,Krishna,373
10-KOMARAVOLU,Pamarru,16.36648306777778,80.98724523444444,Krishna,18
10-KONNAMGUNTA,Nuzvid,16.750864193225805,80.82514830709677,Krishna,31
10-KOTHAGUDEM,Chatrai,16.94164222742857,80.92954359748572,Krishna,175
10-KOTIKALAPUDI,Ibrahimpatnam,16.59994730467391,80.45099134733695,Krishna,184
10-KRISHNARAOPALEM,A Konduru,16.914119259242426,80.63964952848485,Krishna,198
10-Kondavaram,Movva,16.231254717954545,80.94042419227273,Krishna,44
10-M P V GUDEM,Vissannapet,17.00421445403846,80.79301734307691,Krishna,52
10-MOGULURU,Kanchika Cherla,16.63365411877193,80.32643342192982,Krishna,57
10-NEWBURUGUDEM,Reddigudem,16.826902196933332,80.72140681493333,Krishna,75
10-NORTH CH.V.LANK,Mopidevi,16.052464096012272,80.95406077546012,Krishna,163
10-SANAGAPADU,Penuganchiprolu,16.8254889605,80.2476614075,Krishna,40
10-SUREPALLI,Musunuru,16.902827743222748,80.90459139962086,Krishna,211
10-TALLAVALLI,Musunuru,16.803086869784174,80.90748588640288,Krishna,139
10-TUNGALA VARI PA,Avanigadda,15.97378599,80.916421435,Krishna,2
11-G.V.GUDEM,Gannavaram,16.59531236107143,80.76443052732144,Krishna,56
11-GANGADEVIPADU,Gampalagudem,16.954536112156863,80.4904615327451,Krishna,51
11-GOGINENI PALEM,Ghantasala,16.16993564666667,80.86836925888889,Krishna,18
11-GOPALAPURAM - 1,Kalidindi,16.52061,81.26372333,Krishna,1
11-GOWRAVARAM,Jaggayyapeta,16.862013724444445,80.187921935,Krishna,18
11-GUNTA KODURU,Gudivada,16.46952495,81.09104477,Krishna,1
11-H.M.PADU,G Konduru,16.6656484378125,80.6150258596875,Krishna,32
11-IDUGULLA PALLI,Gudur,16.168642502,81.03150729000001,Krishna,5
11-JAYANTI,Veerullapadu,16.819689621413044,80.44008857266304,Krishna,184
11-JONNALAGADDA,Nandigama,16.87169126695652,80.32459571304348,Krishna,23
11-JUVVANAPUDI,Pedaparupudi,16.41263502390244,80.93007230756098,Krishna,41
11-K R GUDEM,Mylavaram,16.78004789635246,80.70093421180327,Krishna,244
11-K.G.PADU,Unguturu,16.502958349642856,80.91178612571427,Krishna,28
11-KAKARAVAI,Vatsavai,16.9653755516,80.29930808319999,Krishna,25
11-KAKARLA,Tiruvuru,17.05656473585366,80.63999934195122,Krishna,82
11-KANAKAVALLI,Thotlavalluru,16.333409111748633,80.79794414994535,Krishna,183
11-KANASANAPALLI,Agiripalle,16.640535008333334,80.74511198101852,Krishna,108
11-KANUMOLU,Bapulapadu,16.6073629375,80.966196024375,Krishna,16
11-KATRENIPLLI,Chandarlapadu,16.7721631655,80.1365954995,Krishna,20
11-KONATANAPADU,Kankipadu,16.421290169285715,80.78091801547619,Krishna,42
11-KONDAIPALEM,Pamarru,16.351309446666665,80.97490499999999,Krishna,3
11-KRISHNARAOPALEM,Chatrai,17.04910227711111,80.80642651659258,Krishna,135
11-KUMMARIKUNTALA,A Konduru,16.937300008206897,80.67143558365517,Krishna,145
11-Kosuru,Movva,16.207836656321245,80.9626708077202,Krishna,193
11-MAREMANDA,Vissannapet,16.979997964347827,80.78570001673913,Krishna,46
11-MARSAPUDI,Nuzvid,16.744715365693068,80.88888056707921,Krishna,202
11-MUDUNURU,Vuyyuru,16.409848534615385,80.90052910032051,Krishna,312
11-MULAPADU,Ibrahimpatnam,16.610162273432202,80.46805149635594,Krishna,236
11-NAKKALAMPET,Kanchika Cherla,16.6510875,80.41834750000001,Krishna,2
11-PACHA VARI LANK,Challapalli,16.144328256,81.04812677599999,Krishna,5
11-RAVI VARI PALEM,Mopidevi,16.06095431,80.92072658,Krishna,1
11-SIVAPURAM,Penuganchiprolu,16.901238974423077,80.31735195499999,Krishna,104
11-VALASAPALLI,Musunuru,16.862924649416666,80.9803848245,Krishna,120
11-VEKANURU,Avanigadda,15.977791450714287,80.91664768785714,Krishna,14
11-VELUPUCHERLA,Musunuru,16.786063994274194,81.01103045048387,Krishna,372
12-CHILAKALA PUDI,Machilipatnam,16.121240479999997,81.047700155,Krishna,2
12-DAKARAM,Mudinepalli,16.444907925000003,81.126146135,Krishna,2
12-GOLLANAPALLI,Gannavaram,16.60628060377551,80.77812085683674,Krishna,98
12-GOPUVANIPALEM,Pamidimukkala,16.355369748434782,80.89576690182608,Krishna,115
12-GOSAVEDU,Gampalagudem,16.9492925913,80.4787995569,Krishna,100
12-JAYANTHIPURAM,Jaggayyapeta,16.846782641666668,80.13855833833333,Krishna,30
12-JUZZURU,Veerullapadu,16.736373605866664,80.43816831973332,Krishna,75
12-K M KURU,Nandigama,16.84759340451613,80.37188102419354,Krishna,31
12-K.MANGAPURAM,Mylavaram,16.851529499571427,80.65643478542857,Krishna,70
12-K.V. CHERUVU,Gudlavalleru,16.36718518,81.09828215,Krishna,1
12-KANIGIRILANKA,Thotlavalluru,16.248725900738915,80.80971953812808,Krishna,203
12-KANNEVEDU,Vatsavai,16.934309085243903,80.19095811000001,Krishna,82
12-KODURUPADU,Bapulapadu,16.615489720120483,80.8918035359036,Krishna,83
12-KOKILAMPADU,Tiruvuru,17.105274288057554,80.64210089510792,Krishna,139
12-KONAPALEM,Chandarlapadu,16.745012933392857,80.20145114339286,Krishna,56
12-KONDIPARRU,Pamarru,16.33279316888889,80.97821963222222,Krishna,9
12-KOTHA EDARA,Agiripalle,16.73413238234637,80.77490926938547,Krishna,179
12-KUCHIPUDI,Movva,16.2571579709375,80.909630350625,Krishna,64
12-KUNDERU,Kankipadu,16.418379123253587,80.82587647574162,Krishna,209
12-LANKAPALLI,Unguturu,16.5029542,80.89991735666666,Krishna,3
12-MADHAVARAM,A Konduru,16.910469760208333,80.69173533302083,Krishna,96
12-MADICHARLA,Bapulapadu,16.74165927025751,80.97308734107295,Krishna,466
12-MANKOLLU,Chatrai,17.001080678,80.91172712058332,Krishna,120
12-MITTA GUDEM,Nuzvid,16.865090985897435,80.82426552709401,Krishna,117
12-MITTAGUDEM,Vissannapet,16.967790016,80.784614532,Krishna,5
12-MUNNALURU,Kanchika Cherla,16.61833217804511,80.33521926112782,Krishna,133
12-PAGOLU,Challapalli,16.115469916666665,80.90797515666668,Krishna,66
12-PATHANAGALURU,Reddigudem,16.79568418017544,80.7153943672807,Krishna,114
12-SHABADA,Vijayawada Rural,16.584383333333335,80.60876611333333,Krishna,3
12-SUBBAIGUDEM,Penuganchiprolu,16.873172599022556,80.25985771210526,Krishna,133
12-TEKUPALLI,Mopidevi,16.071460705,80.961498855,Krishna,2
12-TUMMALAPALEM,Ibrahimpatnam,16.570404815555555,80.53509537111111,Krishna,9
12-VENKATAPURAM,Musunuru,16.821673183032786,80.99309796467213,Krishna,122
12-YADLA LANKA,Avanigadda,16.003941228888888,80.90510793888889,Krishna,9
13-ADAPAVARI PALEM,Mopidevi,16.051102906666667,80.98033275333334,Krishna,9
13-GOWDAPALEM,Pamidimukkala,16.25840181757576,80.85809934333334,Krishna,33
13-GULLAPUDI,Gampalagudem,17.049126612272726,80.50925748439394,Krishna,66
13-J.NEKKALAM,Gannavaram,16.526630866666665,80.74623016,Krishna,3
13-K V PALEM,Nandigama,16.76255726210526,80.33462439263158,Krishna,38
13-KANDULAPADU,G Konduru,16.669545145925927,80.62316043444444,Krishna,81
13-KANIMERLA,Mylavaram,16.790723131896552,80.73816698258621,Krishna,58
13-KHALEKHAN PET,Machilipatnam,16.16576222,81.11176110999999,Krishna,3
13-KHAMBAMPADU,Vatsavai,16.948350825178572,80.27398650821429,Krishna,168
13-KODALI,Ghantasala,16.192215028725492,80.89707767681374,Krishna,204
13-KOMMIREDDYPALLI,Tiruvuru,17.055716400063694,80.5343309635032,Krishna,157
13-KORNIPADU,Pedaparupudi,16.44631875263158,80.92991010157894,Krishna,19
13-KOTHA SURAVARAM,Agiripalle,16.62562318888889,80.84909749888888,Krishna,9
13-KOYYURU,Bapulapadu,16.667189437727274,80.98460919018181,Krishna,110
13-KUMMAMURU,Thotlavalluru,16.34828564076923,80.82448487176923,Krishna,130
13-K_VEERULAPADU,Veerullapadu,16.821151315,80.40490976,Krishna,4
13-LAXMIPURAM,Chandarlapadu,16.73803176470588,80.17202186235293,Krishna,17
13-MADASA VARI PAL,Kankipadu,16.4362287525,80.7868658325,Krishna,4
13-MADHIRAPADU,Unguturu,16.465910771999997,80.86476038688889,Krishna,45
13-MALKAPURAM,Jaggayyapeta,16.992992205892858,80.16063723839285,Krishna,56
13-MAREPALLI,A Konduru,17.026022400226243,80.62359125515837,Krishna,221
13-MARLAPALEM,Chatrai,16.952874742045452,80.91536475399352,Krishna,308
13-MOTERAOPETA,Vissannapet,17.053402499166666,80.76825972291667,Krishna,24
13-MUKKOLLUPADU,Nuzvid,16.844428574974874,80.88088801545226,Krishna,398
13-NAGANNAGUDEM,Vuyyuru,16.39107667,80.87197333,Krishna,1
13-PARITALA,Kanchika Cherla,16.65742903625,80.42973335875,Krishna,96
13-PATHA MAJERU,Challapalli,16.128209457142855,81.00342195428571,Krishna,7
13-RAGAHAVAPURAM,Reddigudem,16.864859027777776,80.73582123444444,Krishna,18
13-TOTACHARLA,Penuganchiprolu,16.835498840454544,80.24945775363636,Krishna,44
14-ANNAVARAM,Mopidevi,16.08019676,80.94641469,Krishna,4
14-CHINNA PURAM,Machilipatnam,16.1215514575,81.04800928,Krishna,4
14-GURAJADA,Pamidimukkala,16.36209078857143,80.87355090678571,Krishna,56
14-JANARDHANAPURAM,Nandivada,16.46716667,80.982255,Krishna,1
14-K.B.PALEM,Gannavaram,16.596227915,80.76829208250001,Krishna,4
14-KANCHALA,Nandigama,16.70720751752475,80.30283966326733,Krishna,202
14-KANUMURU,Gampalagudem,17.004459407585365,80.55190655351218,Krishna,410
14-KASIPUDI,Gudivada,16.401334795,80.95448398,Krishna,4
14-KAVULURU,G Konduru,16.62132861125,80.58120114520834,Krishna,48
14-KONTALAPALLI,Veerullapadu,16.79922942761194,80.36763873164179,Krishna,67
14-KOTHA PEDAMADDALI,Pamarru,16.340868333333333,80.97619981333334,Krishna,9
14-KOTHAGUDEM,Mylavaram,16.839611775,80.64403331981927,Krishna,166
14-KOTHAPALLI,Ghantasala,16.192522984545455,80.92421968818182,Krishna,22
14-KRISHNAVARAM,Agiripalle,16.65611760385542,80.85564986891566,Krishna,83
14-KURADA,Gudlavalleru,16.34696296142857,81.07805801571429,Krishna,7
14-KURIPIRALA,Bapulapadu,16.547672755714284,80.97389455,Krishna,7
14-LAKSHMIPURAM,Tiruvuru,17.08235003733766,80.6321872340909,Krishna,154
14-LINGALA,Vatsavai,16.9603701978125,80.221563793125,Krishna,32
14-MADDURU,Kankipadu,16.404357887657657,80.72706427423424,Krishna,222
14-MANIKONDA,Unguturu,16.448644966481876,80.83860540867805,Krishna,469
14-MUNAGALAPALLI,Chandarlapadu,16.743376458125,80.2405084375,Krishna,48
14-MUTHRASI PALEM,Vissannapet,16.968640626666666,80.80844748333334,Krishna,3
14-NARSUPETA,Nuzvid,16.838360677356324,80.79039300183908,Krishna,87
14-NEW TAKKELLAPAD,Jaggayyapeta,16.961513724805826,80.06548327072815,Krishna,206
14-NYNAVARAM,Vijayawada Rural,16.574821598461536,80.63702798999999,Krishna,13
14-PARVATHAPURAM,Chatrai,17.049457884385966,80.89227963144737,Krishna,228
14-PEDA OGIRALA,Vuyyuru,16.386608727581226,80.8031134236823,Krishna,277
14-PENDAYALA,Kanchika Cherla,16.698307025333335,80.31192378733334,Krishna,15
14-POLISETTIPADU,A Konduru,16.985747222,80.65459779677778,Krishna,180
14-PTMT14,Vijayawada Rural,16.48268833,80.67352,Krishna,1
14-PURITIGADDA,Challapalli,16.127612186832298,80.8898795683851,Krishna,161
14-RANGAPURAM,Reddigudem,16.858518771488097,80.72300507297619,Krishna,168
14-VELDURTIPADU,Penuganchiprolu,16.85814218448276,80.30625798896551,Krishna,29
15-ARJAVARI  PALEM,Mopidevi,16.05042771,80.982892275,Krishna,2
15-HANUMANTHAPURAM,Pamidimukkala,16.303296138689657,80.88516465772415,Krishna,145
15-K.PAVULURU,Gannavaram,16.58046396886076,80.75443711392406,Krishna,79
15-K.T.PALLI,Vijayawada Rural,16.61392548465909,80.62379957534091,Krishna,88
15-KETHAEERUNIPADU,Nandigama,16.728865744925372,80.28579703522388,Krishna,67
15-KODURU,G Konduru,16.719465274358974,80.6833520859707,Krishna,273
15-KONIJERLA,Gampalagudem,17.03290952238095,80.44071102942857,Krishna,105
15-KURUMADDALI,Pamarru,16.336667539102564,80.92360587371796,Krishna,78
15-LAKSHMIPURAM,Kruthivennu,16.39335456,81.43854085,Krishna,1
15-LANKAPALLI,Ghantasala,16.129031315789472,80.98578061368421,Krishna,19
15-LINGAVARAM,Gudivada,16.461466334,81.004744334,Krishna,5
15-MADHUNAPURAM,Thotlavalluru,16.28263253652174,80.80663202913044,Krishna,23
15-MAHESWARAPURAM,Pedaparupudi,16.450417796,80.955754654,Krishna,5
15-MALLAVALLI,Bapulapadu,16.68512524820041,80.89443543501022,Krishna,489
15-MALLELA,Tiruvuru,17.061940650738258,80.68382435644295,Krishna,149
15-MALLIBOYINAPALLI,Agiripalle,16.710017921940295,80.76882631074626,Krishna,67
15-MANTHENA,Kankipadu,16.486249506821192,80.79475195390728,Krishna,151
15-MOKKAPADU,Unguturu,16.483598356666665,80.89913176666667,Krishna,9
15-MORASUMILLI,Mylavaram,16.859149304820143,80.58246004816547,Krishna,278
15-MUPPALLA,Chandarlapadu,16.728870075590553,80.25533520543307,Krishna,127
15-Mantripalem,Movva,16.234229318,80.995395548,Krishna,5
15-NARASAPURAM,Vissannapet,16.980573666033994,80.80815830388102,Krishna,353
15-N_R_PALEM,Veerullapadu,16.716946553678163,80.43675082287356,Krishna,87
15-PERUKALAPADU,Kanchika Cherla,16.70714617,80.37888645000001,Krishna,2
15-POCHAMPALLI,Jaggayyapeta,16.861808379491524,80.16298527706215,Krishna,177
15-POLASANAPALLI,Nuzvid,16.726260298059703,80.88128985593283,Krishna,268
15-POLAVARAM,Chatrai,16.9872414885,80.9016608888,Krishna,200
15-POTLAPADU,Vuyyuru,16.40027732645161,80.8420966585484,Krishna,62
15-RAMA NAGARAM,Challapalli,16.12739108222222,80.93850120555555,Krishna,18
15-RAMACHANDRAPURAM,A Konduru,16.87804658567164,80.63189245074628,Krishna,67
15-REDDIKUNTLA,Reddigudem,16.83406177548387,80.72399150096774,Krishna,31
15-VENGANAYAKUNIPA,Penuganchiprolu,16.8377584,80.2815486438889,Krishna,18
16-APPARAOPET,Vijayawada Rural,16.581585031666666,80.64523562,Krishna,6
16-AYODHYA,Mopidevi,16.051869164142857,80.97446103185715,Krishna,70
16-INAPURU,Pamidimukkala,16.249086772291665,80.834690000625,Krishna,96
16-KANKATAVA,Gudur,16.250727635,81.09219605,Krishna,4
16-KATLAPALLI,Pedana,16.28666704,81.16569292,Krishna,1
16-KESARAPALLI,Gannavaram,16.522624353225805,80.78908239645162,Krishna,31
16-KONDURU,Nandigama,16.83271417982143,80.30325726107142,Krishna,56
16-KOTHAKANDRIKA,G Konduru,16.73033142125,80.65601433875,Krishna,8
16-KOTHAPALLI,Gampalagudem,16.963095664416667,80.51673011016666,Krishna,120
16-KUDARAVALLI,Nandivada,16.563372585,81.03718932999999,Krishna,4
16-MACHAVARAM,Koduru,16.030222824444444,80.95493355666667,Krishna,9
16-MAKKAPET,Vatsavai,16.92451993918919,80.19221758594594,Krishna,74
16-MALLAMPALLI,Ghantasala,16.18727237972222,80.96402357944444,Krishna,36
16-MALLAYAPALEM,Gudivada,16.418171960000002,81.015087044,Krishna,5
16-MAREDURMAKA,Kankipadu,16.4721171082243,80.8278860553271,Krishna,107
16-MOPARRU,Pedaparupudi,16.4922271404,80.9327272032,Krishna,25
16-MULAKALAPALLI,Thotlavalluru,16.272073905,80.82705426,Krishna,4
16-MULAKALAPENTA,Mylavaram,16.853487153333333,80.5843928125,Krishna,48
16-MUNUKULLA,Tiruvuru,17.121915094342857,80.5661040348,Krishna,175
16-N.A.R.PET,Unguturu,16.585422629130434,80.85797153217392,Krishna,23
16-NANDALURU,Veerullapadu,16.75361093861111,80.34128780722222,Krishna,36
16-NARASINGAPALEM,Agiripalle,16.660424212068968,80.7993789913793,Krishna,58
16-NARMADANAGAR,Vissannapet,17.057931953793105,80.7125021837931,Krishna,29
16-POTHANAPALLI,Chatrai,17.0199090481893,80.89840546308642,Krishna,243
16-POTHUREDDI PALLI,Nuzvid,16.806735620231663,80.8745556103475,Krishna,259
16-R.C.PET,Jaggayyapeta,16.947860057103448,80.08901750062068,Krishna,145
16-RAJUPETA,Vuyyuru,16.438545341896553,80.86148615448276,Krishna,58
16-RAMUDU PALEM,Challapalli,16.106761257043477,80.89078527295653,Krishna,115
16-REPUDI,A Konduru,16.944372420103093,80.68862834883161,Krishna,291
16-RUDRAVARAM,Reddigudem,16.870717351949153,80.66560451881357,Krishna,118
16-S AMARAVARAM,Kanchika Cherla,16.64890534368421,80.31120203421054,Krishna,19
16-VENKATAPURAM,Penuganchiprolu,16.845487592083334,80.27207177052084,Krishna,96
17-GOKAVARAM,Machilipatnam,16.25472863,81.21625049,Krishna,4
17-KAPPALA DODDI,Gudur,16.257110685,81.11839224166667,Krishna,6
17-KAPTAN PALEM,Mopidevi,16.09706553,80.93054635499999,Krishna,4
17-KOTHAGUDEM,Gannavaram,16.592291779411767,80.80103064529412,Krishna,17
17-KUNTAMUKKALA,G Konduru,16.71804062768977,80.63318897768977,Krishna,303
17-LATCHAPALEM,Nandigama,16.771489605,80.23543908875,Krishna,8
17-LINGALA,Gampalagudem,17.031451977014928,80.51580896522388,Krishna,67
17-MALLAVARAM,Pamarru,16.29517091,81.02583056714286,Krishna,7
17-MANGOLLU,Vatsavai,16.941503158,80.14110656477779,Krishna,90
17-MERAKAGUDEM,Gudivada,16.469065835000002,81.01129417,Krishna,2
17-MULPURIVARIPALEM,Pedaparupudi,16.390584125,80.91423432875,Krishna,8
17-MUSTIKUNTLA,Tiruvuru,17.060102264112903,80.55478007403227,Krishna,124
17-Moolapalem,Movva,16.234629132941176,80.93411050117646,Krishna,34
17-NARAYANAPURAM,Bapulapadu,16.625827633333333,80.91517871166667,Krishna,6
17-NAYAKULAGUDEM,Vissannapet,17.05331764882353,80.77296990117647,Krishna,17
17-NEPALLI,Kankipadu,16.412796380816328,80.80744935336735,Krishna,98
17-NUGONDAPALLI,Agiripalle,16.67910496673077,80.75972004423078,Krishna,52
17-PALEMPALLI,Veerullapadu,16.811887705517243,80.37542859517241,Krishna,29
17-PAMULALANKA,Thotlavalluru,16.332278590118342,80.77069276112425,Krishna,169
17-PAPAVINASANAM,Ghantasala,16.1738379165,80.856954333,Krishna,20
17-POKKUNURU,Chandarlapadu,16.668934642142855,80.17325785714286,Krishna,14
17-PONDUGOLLU,Mylavaram,16.7772374605625,80.6064052186875,Krishna,160
17-RAMANNA GUDEM,Nuzvid,16.756473881059602,80.86424589509934,Krishna,151
17-RAVIRALA,Jaggayyapeta,16.833588587727274,80.11280601227273,Krishna,44
17-S.R.PURAM,Vijayawada Rural,16.581741194285716,80.65428938142857,Krishna,7
17-SAYANAPALEM,Reddigudem,16.813442945,80.72742376115386,Krishna,26
17-SAYAPURAM,Vuyyuru,16.379957315151515,80.8916459530303,Krishna,33
17-SOMAVARAM,Chatrai,16.91384192174107,80.91687726709822,Krishna,224
17-VAKKALAGADDA,Challapalli,16.135256441515153,80.9209059639394,Krishna,264
17-VALAMPATLA,A Konduru,17.04640824903704,80.660445336,Krishna,135
17-VEMULAPALLI,Kanchika Cherla,16.671274864666668,80.313629244,Krishna,15
18-GURAJA,Mudinepalli,16.39957667,81.10589,Krishna,1
18-JAKKAMPUDI,Vijayawada Rural,16.579663155357142,80.61819011857143,Krishna,28
18-KAMMILIVARI PALEM,Pamidimukkala,16.301095919999998,80.84489701166667,Krishna,6
18-KATTULAVARI PALEM,Gudur,16.24540078,81.08761203,Krishna,1
18-KODAPA,Pedana,16.29177032,81.17718204,Krishna,1
18-KONDANGI,Kalidindi,16.50412333,81.351545,Krishna,1
18-KUMMARI PALEM,Mopidevi,16.052177295789473,80.98634255473685,Krishna,38
18-LINGALAPADU,Nandigama,16.77165466764706,80.22315035529411,Krishna,17
18-MARALAPALEM,Gannavaram,16.556419016862748,80.8143259917647,Krishna,51
18-MEDURU,Gampalagudem,16.99737202546875,80.4948741325,Krishna,64
18-MOTURU,Gudivada,16.452078912727274,81.04226433818182,Krishna,11
18-MUNAGAPADU,G Konduru,16.703421598823528,80.5368322551103,Krishna,272
18-Movvapalem,Movva,16.218179123492064,80.93038933555556,Krishna,63
18-NAGAPATNAM,Pamarru,16.29363,80.95170333,Krishna,1
18-NAGAPURAM,Pedaparupudi,16.46726735,80.94448706,Krishna,2
18-NANDAMURU,Unguturu,16.452129007080746,80.86204573677018,Krishna,161
18-NUTHIPADU,Vissannapet,17.073818264583334,80.70705326416667,Krishna,24
18-OGIRALA,Bapulapadu,16.543131973846155,80.97300913769232,Krishna,13
18-P V VARAM,Vatsavai,16.932796925571427,80.25387578328572,Krishna,70
18-PALLERALAMUDI,Tiruvuru,17.00965964631579,80.59846022986842,Krishna,76
18-PAMULAPATIVARI PALEM,Thotlavalluru,16.306066668,80.817162666,Krishna,5
18-PEDDAPURAM,Veerullapadu,16.788827986710526,80.46061348276315,Krishna,76
18-PINNAMAREDDYPALLI,Agiripalle,16.687210214074074,80.75402062592593,Krishna,27
18-POPURU,Chandarlapadu,16.621859485999998,80.259833538,Krishna,5
18-PRODDUTURU,Kankipadu,16.408954837847222,80.77452209208333,Krishna,144
18-Pulluru,Mylavaram,16.83789707547904,80.61531681068861,Krishna,334
18-RAVICHARLA,Nuzvid,16.730845995480518,80.81995502890909,Krishna,385
18-S.M.PET,Jaggayyapeta,16.92743682261111,80.10703740716667,Krishna,180
18-SREERAMPURAM,Reddigudem,16.951470942,80.74501958222223,Krishna,45
18-TSANUBANDA,Chatrai,17.0291800892,80.80389063555555,Krishna,225
18-VEERAVALLI,Vuyyuru,16.394068219999998,80.85079038297297,Krishna,37
18-VELIVOLU,Challapalli,16.15056038952381,80.87516470746031,Krishna,63
18-ZEELAKUNTALA,A Konduru,17.030166997166667,80.66597776683334,Krishna,60
19-KAPILESWARA PURAM,Pamidimukkala,16.319229043912134,80.86521304993722,Krishna,478
19-KONDURU,Kalidindi,16.53816333,81.29139333,Krishna,1
19-KURETI VARI PAL,Mopidevi,16.053459426666667,80.97470192333333,Krishna,3
19-LELLAPUDI,Mandavalli,16.47164011,81.0985411,Krishna,1
19-MAGALLU,Nandigama,16.810292763547007,80.30643212247863,Krishna,234
19-METTAPALLI,Gannavaram,16.614172712056074,80.8172737628972,Krishna,107
19-NARIKAMPADU,Gampalagudem,16.97336174925,80.56384790125,Krishna,40
19-NUZELLA,Gudivada,16.389193105454545,81.01725469818182,Krishna,22
19-Narasannapalem,Movva,16.24051607194444,80.90436317972222,Krishna,36
19-ONDRAPADU,Unguturu,16.498956893749998,80.8901576,Krishna,8
19-P.M.PALLI,Vatsavai,16.96319962475,80.15677879175,Krishna,40
19-PAMULAPADU,Pedaparupudi,16.461752266382977,80.95654554340425,Krishna,47
19-PEDDAVARAM,Tiruvuru,17.10282583375,80.51835187374999,Krishna,8
19-PENAMAKURU,Thotlavalluru,16.321809426402265,80.82662033107648,Krishna,353
19-PENAPAKA,G Konduru,16.661189523809522,80.58770420619048,Krishna,21
19-PEREKEEDU,Bapulapadu,16.621743931666668,80.97406991083334,Krishna,12
19-PONNAVARAM,Veerullapadu,16.71603926,80.380820565,Krishna,4
19-POTHAVARAPPADU,Agiripalle,16.664135367662336,80.7418575977922,Krishna,77
19-PUNADIPADU,Kankipadu,16.451681244965517,80.77424398744827,Krishna,145
19-PUTRELA,Vissannapet,17.02454385702988,80.72610879546572,Krishna,569
19-REDDI GUDEM,Nuzvid,16.858834056037736,80.8669679181132,Krishna,53
19-SABJAPADU,Mylavaram,16.784695407333334,80.64755948155556,Krishna,45
19-SRIKAKULAM,Ghantasala,16.198728930535715,80.84769670660715,Krishna,56
19-TADUGUDEM,Reddigudem,16.8265918175,80.70857815972222,Krishna,36
19-TIRUMALAGIRI,Jaggayyapeta,16.920072167162164,80.13250128472973,Krishna,74
19-TUMMAGUDEM,Chatrai,16.946151046045628,80.88721971758554,Krishna,526
19-YARLAGADDA,Challapalli,16.143096807419354,80.89595378043012,Krishna,93
20-GUNDUPALEM,Machilipatnam,16.143321666666665,81.08271555666666,Krishna,3
20-KRISHNA PURAM,Pamidimukkala,16.259487376097564,80.86446193914634,Krishna,164
20-LACHIGANILANKA,Challapalli,16.1093714,80.87441402714286,Krishna,7
20-MELAMARRU,Mopidevi,16.060099916666665,80.98171074333334,Krishna,3
20-NAREPALEM,Koduru,16.06792491,81.01202396000001,Krishna,3
20-NEMALI,Gampalagudem,17.0599504810989,80.40006062912089,Krishna,91
20-NIMMAKURU,Pamarru,16.275177489166666,81.00057405166667,Krishna,12
20-Nidumolu,Movva,16.243942708,81.010376087,Krishna,10
20-P.O.PALLI,Unguturu,16.562141499861113,80.83667748611111,Krishna,72
20-P.PATNAM,Gannavaram,16.563266526666666,80.75973615083333,Krishna,12
20-P.V.GUDEM,Vatsavai,17.007194558196723,80.20683178311475,Krishna,61
20-PEDAMALAPALLI,Pedaparupudi,16.449176665,80.916416665,Krishna,2
20-PEDAPALEM,Nagayalanka,15.86527267,80.89766447,Krishna,1
20-PILLIVARIPALEM,Thotlavalluru,16.32390333,80.78407499800001,Krishna,5
20-RAJUGUDEM,Tiruvuru,17.09904775142857,80.52551981285715,Krishna,7
20-RAMACHANDRAPURAM,Vissannapet,16.99555568890411,80.7531552113242,Krishna,219
20-RANGAPURAM,Veerullapadu,16.735873693962265,80.45320546999999,Krishna,53
20-REGUNTA,Nuzvid,16.769605670625,80.8148896903125,Krishna,32
20-Rajagopalapuram,Agiripalle,16.652129294193546,80.8764342580645,Krishna,31
20-S.R.PURAM,G Konduru,16.7037334225,80.65285397,Krishna,4
20-SURAPANENIVARI,Ghantasala,16.20265841,80.85912301666667,Krishna,3
20-SURAYAPALEM,Vijayawada Rural,16.54746333222222,80.56348463111111,Krishna,9
20-T GANNAVARAM,Mylavaram,16.7649701351875,80.729522125125,Krishna,160
20-TENNERU,Kankipadu,16.48226868720339,80.81406500254236,Krishna,118
20-VEDADRI,Jaggayyapeta,16.815810372,80.13563799307693,Krishna,65
20-YEERAVARIGUDEM,Chatrai,16.938304100107526,80.93050145387097,Krishna,93
21-K.G. PALEM,Mudinepalli,16.4573892075,81.17879067875,Krishna,8
21-K.KANDRIK,Vijayawada Rural,16.58084580764706,80.6688792317647,Krishna,17
21-KONIKEPUDI,Pedana,16.28327914,81.14683872416667,Krishna,12
21-KUDERU,Pamidimukkala,16.25406787989247,80.84849354467742,Krishna,186
21-NARASIMHARAOPALEM,Chatrai,17.015339753695653,80.83485163398551,Krishna,276
21-P.R. Thota,Movva,16.2068283725,81.0244292575,Krishna,4
21-PALLAGIRI,Nandigama,16.786322704444444,80.31157497333334,Krishna,54
21-PEDACOMIRA,Gampalagudem,16.97841243622807,80.50630287052631,Krishna,114
21-PENJENDRA,Gudlavalleru,16.34560651,81.0084538275,Krishna,4
21-POCHAVARAM,Vatsavai,16.977940861836736,80.20267236285714,Krishna,49
21-R.P.AGRAHARAM,Gudivada,16.383449332,81.02396067,Krishna,5
21-RAJAVARAM,Agiripalle,16.68465462888889,80.74622259333334,Krishna,9
21-RAMANAPALEM,Vissannapet,17.004648027096774,80.71586928903226,Krishna,31
21-RAMANNAPALEM,Tiruvuru,17.055049902857142,80.63080200984963,Krishna,133
21-RANGANNAGUDEM,Bapulapadu,16.638702858245612,80.91060551017544,Krishna,114
21-ROYYURU,Thotlavalluru,16.390570182247707,80.74149585866974,Krishna,218
21-SIDDHARTHA NAGAR,Nuzvid,16.84276679935484,80.78555560629033,Krishna,62
21-SUNNAMPADU,G Konduru,16.716725125234376,80.53114789625,Krishna,128
21-TADEPALLI,Ghantasala,16.184798522083334,80.91111433416667,Krishna,24
21-TATIGUMMI,Veerullapadu,16.756993773548388,80.35037515677419,Krishna,31
21-TEMPALLI,Gannavaram,16.587041556702125,80.82638309787234,Krishna,94
21-THOLUKODU,Mylavaram,16.80756373013216,80.675348458326,Krishna,227
21-UPPALURU,Kankipadu,16.48683695731183,80.77711672580645,Krishna,186
21-VARREGUDEM,Machilipatnam,16.17926333,81.14044,Krishna,1
22-C.GUDIPADU,Chatrai,17.030767011121952,80.82351717863413,Krishna,205
22-J.V.MODI,Machilipatnam,16.26536767,81.24696705,Krishna,2
22-K_CHERLA,Kanchika Cherla,16.59802667,80.51114,Krishna,1
22-MAGGALA MALAPALLI,Pamidimukkala,16.26851417,80.882926665,Krishna,2
22-MALLAVOLU,Gudur,16.165067245,81.03375353499999,Krishna,2
22-ODDULAMERAKA,Nandivada,16.504231458125,80.94178989625,Krishna,16
22-PASUMARRU,Pamarru,16.305885825,81.00963728807693,Krishna,26
22-PATAPADU,Vijayawada Rural,16.589340258849557,80.66076644318585,Krishna,113
22-PEDAPROLU,Mopidevi,16.097009727222222,80.94489094388888,Krishna,18
22-PEDDAVARAM,Nandigama,16.7680731996,80.165960433,Krishna,50
22-PENUGOLANU,Gampalagudem,16.97514411769737,80.44093373493422,Krishna,152
22-POLAMPALLI,Vatsavai,17.00816024902655,80.18772680327433,Krishna,226
22-POTTIPADU,Unguturu,16.580123831555557,80.86270490844444,Krishna,45
22-RAVULAPADU,Pedaparupudi,16.450323001666664,80.93899234333334,Krishna,6
22-REMALLI,Bapulapadu,16.664076321491226,80.92465039337719,Krishna,228
22-ROLUPADI,Tiruvuru,17.045181603669725,80.5721563140367,Krishna,109
22-S A RAO PET,Agiripalle,16.68409847510638,80.72692907765958,Krishna,47
22-SATTENGUDEM,Vissannapet,17.065200361000002,80.72599945466666,Krishna,30
22-SUNKOLLU,Nuzvid,16.803133024835166,80.80400784494505,Krishna,182
22-T R PADU,Chandarlapadu,16.67759415208633,80.2830712984892,Krishna,139
22-T.D.PADU,G Konduru,16.73403699981818,80.52628463636364,Krishna,110
22-TELUGURAO PALEM,Ghantasala,16.1931526595,80.86097800425,Krishna,40
22-TIMMAPURAM,Veerullapadu,16.758866367435896,80.47587025666667,Krishna,39
22-TV LANKA,Thotlavalluru,16.349591405765576,80.76100350313621,Krishna,947
22-VELLVADAM,Mylavaram,16.769450185805628,80.6689907557289,Krishna,391
22-VELPURU,Kankipadu,16.497920705827337,80.75995584640287,Krishna,139
23-KUDURU,Pedana,16.294617289166666,81.13548428666667,Krishna,12
23-MAMILLA PALLI,Pamidimukkala,16.268549603571426,80.89562234166667,Krishna,42
23-MUKKOLLU,Gudur,16.291545,81.061400835,Krishna,2
23-PEDA LINGALA,Nandivada,16.53333708375,80.9320997925,Krishna,8
23-PEDAMADDALI,Pamarru,16.35391555803419,80.94925916615385,Krishna,117
23-PEDDA KALLEPALL,Mopidevi,16.07440780142857,80.97898464163265,Krishna,49
23-PEETALAVU,Kruthivennu,16.358014920000002,81.34884242999999,Krishna,2
23-Pedamuthevi,Movva,16.224753808659795,80.95553004608247,Krishna,97
23-R R PALLI,Nandigama,16.85060534448276,80.3217725275862,Krishna,29
23-R.C.PURAM(OLD),Vatsavai,16.97489080214286,80.16387281857143,Krishna,14
23-RAJAVARAM,Gampalagudem,16.966652575555557,80.42347480955556,Krishna,45
23-RAMANAPUDI,Gudivada,16.38654202714286,80.99608808214285,Krishna,14
23-S.N.PALEM,Bapulapadu,16.622589126666668,80.94602792259259,Krishna,27
23-S.R.PURAM,Unguturu,16.603652856923077,80.87648615076924,Krishna,13
23-SAGGURU,Agiripalle,16.661479798441558,80.83625127714286,Krishna,77
23-SURAMPALEM,Chatrai,17.020316431916665,80.79851738208335,Krishna,120
23-SURAVARAM,Tiruvuru,17.060098767058822,80.57866897970588,Krishna,68
23-TODELU DIBBA,Thotlavalluru,16.366990349473685,80.75976587736842,Krishna,19
23-TUKKULURU,Nuzvid,16.775313216448087,80.88217035076502,Krishna,183
23-TURLAPADU,Chandarlapadu,16.694739954318184,80.26686983522728,Krishna,44
23-V. RUDRAVARAM,Ghantasala,16.197435401794873,80.94201708025642,Krishna,39
23-V.P.GUDEM,Gannavaram,16.60564514109091,80.82191272018181,Krishna,110
23-VELAGALERU,G Konduru,16.649133518863636,80.61845742045455,Krishna,132
23-VENKATAPURAM,Vijayawada Rural,16.58171244153846,80.6510158176923,Krishna,13
23-V_ANNAVARAM,Veerullapadu,16.856522664444444,80.3863193211111,Krishna,9
23-Y.V.GUDEM,Kankipadu,16.418436670000002,80.79370666333334,Krishna,3
24-AMBAPURAM,Vijayawada Rural,16.563921265,80.627840845,Krishna,2
24-MANTADA,Pamidimukkala,16.353033655918367,80.87305232632653,Krishna,49
24-PEDAPUDI,Movva,16.251084227395832,80.92119905177084,Krishna,96
24-PERSEPALLI,Pamarru,16.296232130000003,81.02185926333334,Krishna,3
24-RAGHAVAPURAM,Nandigama,16.760485875283017,80.32564032698113,Krishna,53
24-RAJULAPALEM,Gampalagudem,16.99014187,80.51814437,Krishna,3
24-SAIDAPUDI,Gudivada,16.464767715555556,81.04747330222223,Krishna,9
24-SINGANNAGUDEM,Agiripalle,16.6662687325,80.770596035,Krishna,12
24-SINGANNAGUDEM,Bapulapadu,16.655586653015874,80.89850418174603,Krishna,63
24-SINGAVARAM,Vatsavai,16.932720156052632,80.219753365,Krishna,38
24-SOMAVARAPPADU,Pedaparupudi,16.466439297894738,80.9287172231579,Krishna,19
24-TATAKUNTLA,Vissannapet,16.951612293496144,80.80574482046272,Krishna,389
24-TEKULAPALLI,Tiruvuru,17.040982907171717,80.59024629717172,Krishna,99
24-TUMMALAPACHIKKA,Thotlavalluru,16.316074636363634,80.77910996963635,Krishna,55
24-USTEPALLI,Chandarlapadu,16.66910626,80.145549625,Krishna,2
24-VEERULAPADU,Veerullapadu,16.822909611369862,80.40369101671233,Krishna,73
24-VELLATURU,G Konduru,16.69884191026217,80.6520848711236,Krishna,267
24-VENKATADRI PURAM,Nuzvid,16.844000059473682,80.83936108131579,Krishna,38
25-KAMASALLI PALEM,Machilipatnam,16.25686658625,81.22542619625,Krishna,8
25-MADAKA,Pedana,16.274100830000002,81.19972667142858,Krishna,7
25-MARRIVADA,Pamidimukkala,16.36978307818182,80.89748722181818,Krishna,55
25-N.K.D.PALEM,Gudur,16.23310664,81.09842815,Krishna,1
25-PEDATUMMADI,Bantumilli,16.396415363333332,81.23317733,Krishna,3
25-POLAVARAM,Pamarru,16.29157126,80.96445432,Krishna,1
25-Pedasanagallu,Movva,16.258727706734692,80.92332536530613,Krishna,49
25-RAMAKRISHNAPURAM,Gampalagudem,16.953805523333333,80.47394838166666,Krishna,6
25-REDDIPALEM,Gudlavalleru,16.3005427,81.130077125,Krishna,2
25-RUDRAVARAM,Nandigama,16.79922649222222,80.35827405666666,Krishna,9
25-SEEPUDI,Gudivada,16.40315289777778,80.95985505444445,Krishna,9
25-SITARAMAPURAM,Agiripalle,16.755728333125,80.7832400525,Krishna,32
25-SIVARAMPURAM,Mopidevi,16.1040167575,80.945996947,Krishna,20
25-SOBHANADRIPURAM,Bapulapadu,16.623136880526314,80.89293078754386,Krishna,57
25-TALLURU,Vatsavai,16.92526333,80.29621,Krishna,1
25-TAMMALAMPADU,Pedaparupudi,16.472619129999998,80.9614818,Krishna,2
25-TARIGOPPALA,Unguturu,16.48815570906977,80.83201857,Krishna,43
25-TELADEVARAPALLI,Vissannapet,16.98220762937037,80.73406818696296,Krishna,270
25-V K PALEM,Chandarlapadu,16.6308263304,80.2321975484,Krishna,25
25-VALLURIPALEM,Thotlavalluru,16.370048232363636,80.76744117181819,Krishna,165
25-VAMAKUNTLA,Tiruvuru,17.090905873333334,80.56170652203703,Krishna,162
25-VELLANLI,Veerullapadu,16.769355598039215,80.37914137490196,Krishna,51
25-VEMULA PALLI,Ghantasala,16.16571246347826,80.89929014521739,Krishna,23
25-VENKATAPURAM,G Konduru,16.72400025084507,80.61005395774649,Krishna,71
25-VENKATAYA PALEM,Nuzvid,16.82737603191111,80.81658434013333,Krishna,225
26-MEDURU,Pamidimukkala,16.276066866459857,80.84431901521899,Krishna,274
26-PITTALLANKA,Koduru,16.073358586666668,81.00969697333333,Krishna,6
26-SATYALAMPADU,Gampalagudem,16.99676484681818,80.49091937215908,Krishna,88
26-SERI DINTAKURRU,Gudivada,16.399763551,81.043449303,Krishna,10
26-SOBHANAPURAM,Agiripalle,16.706552134069767,80.74294313848837,Krishna,86
26-SOMAVARAM,Nandigama,16.815616478695652,80.35751164565218,Krishna,46
26-TELAPROLU,Unguturu,16.595430905494506,80.87238841791209,Krishna,91
26-TIPPANAGUNTA,Bapulapadu,16.5691741375,80.94789757250001,Krishna,4
26-TUVVA CHULUKA,Vissannapet,17.043992765,80.7216588925,Krishna,4
26-V P PADU,Chandarlapadu,16.620183870714285,80.27208413642857,Krishna,14
26-VANAPAMULA,Pedaparupudi,16.435895900000002,80.92767900475806,Krishna,124
26-VAVILALA,Tiruvuru,17.096095434745763,80.54524125186441,Krishna,59
26-VEMULANARVA,Vatsavai,16.98930636888889,80.28075349555554,Krishna,9
26-VENKATAPURAM,Mopidevi,16.065752432,80.926800171,Krishna,20
26-YAKAMURU,Thotlavalluru,16.358753626544118,80.83051177286765,Krishna,136
26-YANAMADALA,Nuzvid,16.78110671903226,80.80037196311828,Krishna,93
26-YENDAKUDURU,Ghantasala,16.152316476,81.03388190485714,Krishna,35
27-MULLAPUDI,Pamidimukkala,16.308102325344827,80.89342853568965,Krishna,58
27-RAPERLA,Pamarru,16.309985096666665,80.96155782333334,Krishna,3
27-SERI KALAVAPUDI,Gudlavalleru,16.366702202857144,81.02104801285714,Krishna,7
27-SOBBALA,Gampalagudem,17.02777895318182,80.50526544795456,Krishna,44
27-SURAVARAM,Agiripalle,16.63612472102564,80.86163676055556,Krishna,234
27-T G PADU,Nandigama,16.83548546571429,80.34014944,Krishna,7
27-UMAMAHESWARAPURAM,Bapulapadu,16.60491833,80.90200833,Krishna,1
27-VEERA RAGHAVAPURAM,Vissannapet,17.02749284590909,80.75506277386363,Krishna,44
27-VELDHIPADU,Unguturu,16.49318404857143,80.85771399,Krishna,7
27-VEMAVARAM,Vijayawada Rural,16.59501163181818,80.62153242636363,Krishna,11
27-VENTRAPRAGADA,Pedaparupudi,16.448193392275133,80.91067994730159,Krishna,189
27-ZELAGALA GANDI,Ghantasala,16.146113886666665,81.03426,Krishna,3
28-6733128,Challapalli,16.108853691904763,80.87390931031746,Krishna,63
28-PUTTAGUNTA,Nandivada,16.51365733,80.96120955500001,Krishna,26
28-RIMMANAPUDI,Pamarru,16.337353476666667,80.99469064166666,Krishna,6
28-SALEM PALEM,Koduru,16.06853522375,81.022862705,Krishna,8
28-SERI VELPURU,Gudivada,16.400989680588236,81.0274762464706,Krishna,17
28-SURAMPALLI,Vijayawada Rural,16.598293084662924,80.71421591668539,Krishna,178
28-T K PADU,Nandigama,16.780464818666665,80.219642528,Krishna,15
28-THUNIKIPADU,Gampalagudem,16.984046727477477,80.39413665896396,Krishna,222
28-VEMIREDDIPALLI,Vissannapet,17.057551710729484,80.73081640455928,Krishna,329
28-VINJARAMPADU,Pedaparupudi,16.488030334,80.919960334,Krishna,5
28-Vemulamada,Movva,16.216574932421874,80.94385545414063,Krishna,128
29-RAMACHANDRAPURAM,Vijayawada Rural,16.578834285714287,80.71021666571428,Krishna,7
29-SIDDHANTAM,Gudivada,16.406763233333333,81.03228410666667,Krishna,12
29-TADIVENNU,Kruthivennu,16.37950576,81.41793098,Krishna,1
29-THOTAPALLI,Agiripalle,16.63967425149254,80.77496370485075,Krishna,134
29-UMMADADEVARAPALLI,Gampalagudem,17.079952245128204,80.41801035448718,Krishna,78
29-VEERAVALLI,Bapulapadu,16.619092013186812,80.91446880934066,Krishna,182
29-VEMANDA,Unguturu,16.464195209662922,80.88870753595505,Krishna,89
29-Yaddanapudi,Movva,16.245132807857143,80.92735583357143,Krishna,42
29-ZAMI DINTAKURRU,Pedaparupudi,16.438330596363638,80.94010733034091,Krishna,88
29-kona,Machilipatnam,16.12083751,81.04748427,Krishna,1
30-KOTHAPUDI,Machilipatnam,16.231922315,81.18851283000001,Krishna,2
30-MUSTABADA,Vijayawada Rural,16.554708573604653,80.73374360209301,Krishna,86
30-MUTTRASI GUDEM,Pamidimukkala,16.336217519411765,80.8833557617647,Krishna,17
30-UNDRAPUDI,Pamarru,16.285597366666668,80.97009651333333,Krishna,3
30-VADLAMANU,Agiripalle,16.702023719333333,80.79724196223809,Krishna,210
30-VELERU,Bapulapadu,16.64978610082569,80.93821968076452,Krishna,327
30-VEMPADU,Unguturu,16.486380713243243,80.84275597027028,Krishna,37
30-VINGADAPA,Gampalagudem,16.971779885182926,80.53600861262196,Krishna,164
30-YANADIVADA,Nagayalanka,15.910251,80.98132479,Krishna,1
31-M V GUDEM,Vijayawada Rural,16.614048840943394,80.72474238660378,Krishna,159
31-POLAVARAM,Gudur,16.1803807,81.04257927,Krishna,1
31-TATIVARRU,Gudivada,16.386993389047618,80.96579367809524,Krishna,21
31-URUTURU,Pamarru,16.313317170625,80.9359984825,Krishna,16
31-VATTIGUDIPADU,Agiripalle,16.73096208909385,80.86138059216829,Krishna,309
31-VUTUKURU,Gampalagudem,17.016280273246753,80.42823654688311,Krishna,154
32-NANDAMURU,Pedana,16.27881884625,81.206464225,Krishna,8
32-NARAYANAPURAM,Pamidimukkala,16.25641167,80.8829275,Krishna,2
32-S P V GUDEM,Vijayawada Rural,16.622492593913044,80.70921747304348,Krishna,23
32-V.KOTHA PALEM,Koduru,16.02428432,80.95434999,Krishna,1
32-VALANKI,Kruthivennu,16.372687835,81.35292443,Krishna,2
32-VALIVARTIPADU,Gudivada,16.44579685,81.0086461111111,Krishna,9
32-ZINKALAPALEM,Gampalagudem,16.9937810625,80.44669611249999,Krishna,4
33-6222333,Machilipatnam,16.12152394,81.04796277,Krishna,1
33-NANDIGAMA,Pedana,16.305755,81.153705,Krishna,1
33-P.LANKAPALLI,Pamidimukkala,16.229755733690475,80.84265450380953,Krishna,84
33-SAVARAGUDEM,Vijayawada Rural,16.534833566666666,80.73023513666666,Krishna,3
33-ZAMIDAGGUMILLI,Pamarru,16.30311250125,80.96893958375,Krishna,8
34-PENUMATCHA,Pamidimukkala,16.24946929519231,80.88660185923078,Krishna,52
34-ZAMIGOLVEPALLI,Pamarru,16.36917300869565,80.95856059347825,Krishna,46
35-TAMIRISA,Nandivada,16.475642381666667,81.01878414666668,Krishna,12
36-MEKAVARI PALEM,Machilipatnam,16.197636835,81.16761298,Krishna,2
36-PENUMALLI,Pedana,16.309424364999998,81.1671127925,Krishna,4
36-PEYYERU,Mudinepalli,16.437890949,81.101744949,Krishna,10
36-PYDIKONDALA PALEM,Pamidimukkala,16.29410801344086,80.8495828260215,Krishna,93
36-RAMANNAPETA,Gudur,16.16559939625,81.02149022625001,Krishna,16
36-VINNAKOTA,Gudlavalleru,16.36891904,81.10098853,Krishna,1
37-SRI RANGA PURAM,Pamidimukkala,16.223919367586205,80.86047870689654,Krishna,58
38-RAYAVARAM,Gudur,16.196596964999998,81.056620165,Krishna,2
38-T.INAMPUDI,Pamidimukkala,16.302578476739132,80.90601785086956,Krishna,46
39-SINGARAYA PALEM,Pedana,16.262439241428574,81.17038899714285,Krishna,7
39-TADANKI,Pamidimukkala,16.34390158730337,80.88117869797753,Krishna,89
40-TELLAKULA PALEM,Pamidimukkala,16.26494833,80.88780167,Krishna,1
41-VEERANKI,Pamidimukkala,16.300949213333332,80.84857023229885,Krishna,87
42-VEERANKI LAKU,Pamidimukkala,16.294393943170732,80.86939861804879,Krishna,41
43-VELPURU,Pamidimukkala,16.319279862058824,80.898598505,Krishna,34
43-ZINJERU,Pedana,16.29701239285714,81.22662148714286,Krishna,7
46-POTHEPALLI,Machilipatnam,16.12104997,81.04769923,Krishna,4
49-REDDI PALEM,Machilipatnam,16.2405555,81.21388325,Krishna,1
50-RUDRAVARAM,Machilipatnam,16.14395667,81.09101333,Krishna,1
51-KANKIPADU EAST,Kankipadu,16.43877839,80.77216531,Krishna,3
52-KANKIPADU SOUTH,Kankipadu,16.44260037,80.75899619,Krishna,1
54-SARADA NAGAR,Machilipatnam,16.1210973,81.04770414,Krishna,1
54-VAIVAKA,Mudinepalli,16.41236336,81.24012975,Krishna,1
55-SATRAVA PALEM,Machilipatnam,16.26259688,81.23766852,Krishna,1
55-VANUDURRU,Mudinepalli,16.42834874,81.196517975,Krishna,2
56-SATTENA PALEM,Machilipatnam,16.260368285,81.23338038,Krishna,2
56-VUTUKURU,Mudinepalli,16.42577985,81.22243427,Krishna,1
59-TALLA PALEM,Machilipatnam,16.268706766666668,81.23319241333333,Krishna,3
60-TAPASIPUDI,Machilipatnam,16.228510835,81.2011,Krishna,2
65-AGL,Penamaluru,16.49593093681818,80.69341677999999,Krishna,22
97-R.R.NAGAR,Vijayawada Rural,16.55428833,80.61420167,Krishna,1
